categorie;table;libelle;chemin
"AUTRE";"DA_PRA_R";"Données Administratives des Praticiens pour le SNIIRAM";"Kwikly/AUTRE/DA_PRA_R.html"
"AUTRE";"IR_ACS_R";"Affiliés Aide Complémentaire Santé";"Kwikly/AUTRE/IR_ACS_R.html"
"AUTRE";"IR_ACS_R_ARC";"";"Kwikly/AUTRE/IR_ACS_R_ARC.html"
"AUTRE";"IR_BEN_R";"Référentiel Bénéficiaire";"Kwikly/AUTRE/IR_BEN_R.html"
"AUTRE";"IR_BEN_R_ARC";"Archive Référentiel Bénéficiaire";"Kwikly/AUTRE/IR_BEN_R_ARC.html"
"AUTRE";"IR_ETM_R";"Référentiel des bénéficiaires bénéficiant de l¿exonération du ticket modérateur";"Kwikly/AUTRE/IR_ETM_R.html"
"AUTRE";"IR_IBA_R";"";"Kwikly/AUTRE/IR_IBA_R.html"
"AUTRE";"IR_IMB_R";"Informations Médicalisées Bénéficiaire";"Kwikly/AUTRE/IR_IMB_R.html"
"AUTRE";"IR_MAT_R";"Référentiel des bénéficiaires liés à une maternité";"Kwikly/AUTRE/IR_MAT_R.html"
"AUTRE";"IR_MTT_R";"Référentiel des medecins traitants";"Kwikly/AUTRE/IR_MTT_R.html"
"AUTRE";"IR_ORC_R";"Affiliés Organisme Complémentaire";"Kwikly/AUTRE/IR_ORC_R.html"
"AUTRE";"IR_ORC_R_ARC";"";"Kwikly/AUTRE/IR_ORC_R_ARC.html"
"AUTRE";"IR_PHA_R";"";"Kwikly/AUTRE/IR_PHA_R.html"
"CARTOGRAPHIE";"CRTO_CT_DEP_GN_AAAA";"";"Kwikly/CARTOGRAPHIE/CRTO_CT_DEP_GN_AAAA.html"
"CARTOGRAPHIE";"CRTO_CT_IDE_GN";"";"Kwikly/CARTOGRAPHIE/CRTO_CT_IDE_GN.html"
"CARTOGRAPHIE";"CRTO_CT_IDE_GN_AAAA";"";"Kwikly/CARTOGRAPHIE/CRTO_CT_IDE_GN_AAAA.html"
"CARTOGRAPHIE";"CRTO_CT_IND_GN_AAAA";"";"Kwikly/CARTOGRAPHIE/CRTO_CT_IND_GN_AAAA.html"
"CARTOGRAPHIE";"CRTO_CT_RES_GN_AAAA";"";"Kwikly/CARTOGRAPHIE/CRTO_CT_RES_GN_AAAA.html"
"CAUSE_DECES";"KI_CCI_R";"";"Kwikly/CAUSE_DECES/KI_CCI_R.html"
"CAUSE_DECES";"KI_ECD_R";"";"Kwikly/CAUSE_DECES/KI_ECD_R.html"
"DCIR";"ER_ANO_F";"Anomalie (Signalement ou Rejet)";"Kwikly/DCIR/ER_ANO_F.html"
"DCIR";"ER_ARO_F";"Détail de Remboursement Autre que Régime Obligatoire";"Kwikly/DCIR/ER_ARO_F.html"
"DCIR";"ER_BIO_F";"Prestation Affinée Biologie";"Kwikly/DCIR/ER_BIO_F.html"
"DCIR";"ER_CAM_F";"Codage CCAM";"Kwikly/DCIR/ER_CAM_F.html"
"DCIR";"ER_CPT_F";"Ventilation Comptable";"Kwikly/DCIR/ER_CPT_F.html"
"DCIR";"ER_DCT_F";"Décompte";"Kwikly/DCIR/ER_DCT_F.html"
"DCIR";"ER_DTR_F";"Prestation Affinée Transport";"Kwikly/DCIR/ER_DTR_F.html"
"DCIR";"ER_ETE_F";"Informations liées à l'Execution dans un Etablissement";"Kwikly/DCIR/ER_ETE_F.html"
"DCIR";"ER_GEO_LOC_R";"";"Kwikly/DCIR/ER_GEO_LOC_R.html"
"DCIR";"ER_INV_F";"Pension d'invalidité";"Kwikly/DCIR/ER_INV_F.html"
"DCIR";"ER_LOT_F";"Prestation affinée Lot";"Kwikly/DCIR/ER_LOT_F.html"
"DCIR";"ER_PHA_F";"Prestation Affinée Pharmacie";"Kwikly/DCIR/ER_PHA_F.html"
"DCIR";"ER_PRS_F";"Entête Prestation";"Kwikly/DCIR/ER_PRS_F.html"
"DCIR";"ER_RAT_F";"Rente Accident du Travail / Maladie Professionnelle";"Kwikly/DCIR/ER_RAT_F.html"
"DCIR";"ER_TIP_F";"Prestation Affinée Dispositif Médical";"Kwikly/DCIR/ER_TIP_F.html"
"DCIR";"ER_TRS_F";"Information Transport Détail";"Kwikly/DCIR/ER_TRS_F.html"
"DCIR";"ER_UCD_F";"Prestation Affinée UCD";"Kwikly/DCIR/ER_UCD_F.html"
"PMSI";"T_HADAAA";"HAD Actes";"Kwikly/PMSI/T_HADAAA.html"
"PMSI";"T_HADAAB";"HAD Résumés Anonyme Par Sous Séquence RAPSS format H24";"Kwikly/PMSI/T_HADAAB.html"
"PMSI";"T_HADAAC";"HAD Chainage de résumés hebdomadaires anonymes destinés à la CNAMTS (SNIR) 2012";"Kwikly/PMSI/T_HADAAC.html"
"PMSI";"T_HADAAD";"HAD Diagnostics Associés";"Kwikly/PMSI/T_HADAAD.html"
"PMSI";"T_HADAADMPA";"HAD Diagnostics Associés mode de prise en charge associé";"Kwikly/PMSI/T_HADAADMPA.html"
"PMSI";"T_HADAADMPP";"HAD Diagnostics Associés mode de prise en charge principal";"Kwikly/PMSI/T_HADAADMPP.html"
"PMSI";"T_HADAAE";"HAD Etablissements";"Kwikly/PMSI/T_HADAAE.html"
"PMSI";"T_HADAAEHPA";"HAD conventions EHPA";"Kwikly/PMSI/T_HADAAEHPA.html"
"PMSI";"T_HADAAFA";"HAD RSFA début de facture des établissements exOQN";"Kwikly/PMSI/T_HADAAFA.html"
"PMSI";"T_HADAAFB";"HAD RSFA prestations hospitalières des établissements exOQN";"Kwikly/PMSI/T_HADAAFB.html"
"PMSI";"T_HADAAFC";"HAD RSFA des honoraires des établissements exOQN";"Kwikly/PMSI/T_HADAAFC.html"
"PMSI";"T_HADAAFH";"HAD RSFA des Médicaments en sus des établissements exOQN";"Kwikly/PMSI/T_HADAAFH.html"
"PMSI";"T_HADAAFI";"HAD RSFA interruption séjour prestations hospitalières des établissements exOQN";"Kwikly/PMSI/T_HADAAFI.html"
"PMSI";"T_HADAAFL";"HAD actes de biologie (issus de la NABM)2";"Kwikly/PMSI/T_HADAAFL.html"
"PMSI";"T_HADAAFM";"HAD RSFA des actes CCAM des établissements exOQN";"Kwikly/PMSI/T_HADAAFM.html"
"PMSI";"T_HADAAFP";"HAD RSFA prothèses prestations hospitalières des établissements exOQN";"Kwikly/PMSI/T_HADAAFP.html"
"PMSI";"T_HADAAGJ";"";"Kwikly/PMSI/T_HADAAGJ.html"
"PMSI";"T_HADAAGRE";"HAD GHT établissements";"Kwikly/PMSI/T_HADAAGRE.html"
"PMSI";"T_HADAAGRP";"HAD GHT et GHPC";"Kwikly/PMSI/T_HADAAGRP.html"
"PMSI";"T_HADAALEG";"HAD LEG";"Kwikly/PMSI/T_HADAALEG.html"
"PMSI";"T_HADAAMED";"HAD Molécules onéreuses";"Kwikly/PMSI/T_HADAAMED.html"
"PMSI";"T_HADAAMEDAPAC";"HAD Molécules onéreuses APAC";"Kwikly/PMSI/T_HADAAMEDAPAC.html"
"PMSI";"T_HADAAMEDATU";"";"Kwikly/PMSI/T_HADAAMEDATU.html"
"PMSI";"T_HADAAMEDCHL";"HAD Medoc couteux hors liste en sus et hors ATU";"Kwikly/PMSI/T_HADAAMEDCHL.html"
"PMSI";"T_HADAAMON";"";"Kwikly/PMSI/T_HADAAMON.html"
"PMSI";"T_HADAAS";"HAD SRAPSS Synthese Résume Anonyme Par Sous Séquence";"Kwikly/PMSI/T_HADAAS.html"
"PMSI";"T_HADAASTC";"HAD données relatives à la pec par l'AM de chaque séjour pour les étab";"Kwikly/PMSI/T_HADAASTC.html"
"PMSI";"T_HADAASUP_DSC";"HAD Tests diagnostiques Covid";"Kwikly/PMSI/T_HADAASUP_DSC.html"
"PMSI";"T_HADAASUP_PREADMI";"HAD Diagnostics Associés mode de prise en charge associé2";"Kwikly/PMSI/T_HADAASUP_PREADMI.html"
"PMSI";"T_HADAAVALO";"HAD Valorisation";"Kwikly/PMSI/T_HADAAVALO.html"
"PMSI";"T_MCOAAA";"MCO Actes";"Kwikly/PMSI/T_MCOAAA.html"
"PMSI";"T_MCOAAB";"MCO Séjours";"Kwikly/PMSI/T_MCOAAB.html"
"PMSI";"T_MCOAABPHN";"";"Kwikly/PMSI/T_MCOAABPHN.html"
"PMSI";"T_MCOAABPHNA";"";"Kwikly/PMSI/T_MCOAABPHNA.html"
"PMSI";"T_MCOAABPHNC";"";"Kwikly/PMSI/T_MCOAABPHNC.html"
"PMSI";"T_MCOAABPHNP";"";"Kwikly/PMSI/T_MCOAABPHNP.html"
"PMSI";"T_MCOAAC";"MCO Chaînage";"Kwikly/PMSI/T_MCOAAC.html"
"PMSI";"T_MCOAACES";"";"Kwikly/PMSI/T_MCOAACES.html"
"PMSI";"T_MCOAACSTC";"MCO Chaînage des RSFA pour l'activité externe des établissements ex DGF";"Kwikly/PMSI/T_MCOAACSTC.html"
"PMSI";"T_MCOAAD";"MCO Diagnostics Associés";"Kwikly/PMSI/T_MCOAAD.html"
"PMSI";"T_MCOAADIALP";"MCO Forfaits de dialyses péritonéales";"Kwikly/PMSI/T_MCOAADIALP.html"
"PMSI";"T_MCOAADMIP";"MCO DMI";"Kwikly/PMSI/T_MCOAADMIP.html"
"PMSI";"T_MCOAAE";"MCO Etablissements du Champ PMSI";"Kwikly/PMSI/T_MCOAAE.html"
"PMSI";"T_MCOAAFA";"MCO Début de Facture des Etablissements ex OQN";"Kwikly/PMSI/T_MCOAAFA.html"
"PMSI";"T_MCOAAFASTC";"MCO RSFA début de facture pour l'activité externe des Etablissements ex DGF";"Kwikly/PMSI/T_MCOAAFASTC.html"
"PMSI";"T_MCOAAFB";"MCO Prestations Hospitalières RSFA facture des établissements ex OQN";"Kwikly/PMSI/T_MCOAAFB.html"
"PMSI";"T_MCOAAFBSTC";"MCO RSFA facture pour l'activité externe des établissements ex DGF";"Kwikly/PMSI/T_MCOAAFBSTC.html"
"PMSI";"T_MCOAAFC";"MCO RSFA des honoraires des Etablissements ex OQN";"Kwikly/PMSI/T_MCOAAFC.html"
"PMSI";"T_MCOAAFCSTC";"MCO Chaînage des RSFA honoraires pour l'activité externe des étab ex DGF";"Kwikly/PMSI/T_MCOAAFCSTC.html"
"PMSI";"T_MCOAAFH";"MCO Prestations Hospitalières Médicaments en sus des établissements ex OQN";"Kwikly/PMSI/T_MCOAAFH.html"
"PMSI";"T_MCOAAFHSTC";"MCO Chaînage des RSFA médicament en sus pour l'activité externe des étab";"Kwikly/PMSI/T_MCOAAFHSTC.html"
"PMSI";"T_MCOAAFI";"MCO Interruption de Séjour des Etablissements ex OQN";"Kwikly/PMSI/T_MCOAAFI.html"
"PMSI";"T_MCOAAFL";"MCO actes de biologie (issus de la NABM)22";"Kwikly/PMSI/T_MCOAAFL.html"
"PMSI";"T_MCOAAFLSTC";"MCO actes de biologie (issus de la NABM) STC2";"Kwikly/PMSI/T_MCOAAFLSTC.html"
"PMSI";"T_MCOAAFM";"MCO RSFA des actes CCAM des Etablissements ex OQN";"Kwikly/PMSI/T_MCOAAFM.html"
"PMSI";"T_MCOAAFMSTC";"MCO Chaînage des actes CCAM pour l'activité externe des établissements ex DGF";"Kwikly/PMSI/T_MCOAAFMSTC.html"
"PMSI";"T_MCOAAFP";"MCO RSFA des LPP DMI en sus des Etablissements ex OQN";"Kwikly/PMSI/T_MCOAAFP.html"
"PMSI";"T_MCOAAFPSTC";"MCO Factures Anonymes STC";"Kwikly/PMSI/T_MCOAAFPSTC.html"
"PMSI";"T_MCOAAGV10";"";"Kwikly/PMSI/T_MCOAAGV10.html"
"PMSI";"T_MCOAAGV10B";"";"Kwikly/PMSI/T_MCOAAGV10B.html"
"PMSI";"T_MCOAAGV10C";"";"Kwikly/PMSI/T_MCOAAGV10C.html"
"PMSI";"T_MCOAAGV11";"";"Kwikly/PMSI/T_MCOAAGV11.html"
"PMSI";"T_MCOAAGV11B";"";"Kwikly/PMSI/T_MCOAAGV11B.html"
"PMSI";"T_MCOAAGV11C";"";"Kwikly/PMSI/T_MCOAAGV11C.html"
"PMSI";"T_MCOAAGV11D";"";"Kwikly/PMSI/T_MCOAAGV11D.html"
"PMSI";"T_MCOAAGV11E";"";"Kwikly/PMSI/T_MCOAAGV11E.html"
"PMSI";"T_MCOAAGV11F";"";"Kwikly/PMSI/T_MCOAAGV11F.html"
"PMSI";"T_MCOAAGV11G";"";"Kwikly/PMSI/T_MCOAAGV11G.html"
"PMSI";"T_MCOAAGV2016";"";"Kwikly/PMSI/T_MCOAAGV2016.html"
"PMSI";"T_MCOAAGV2017";"";"Kwikly/PMSI/T_MCOAAGV2017.html"
"PMSI";"T_MCOAAGV2018";"";"Kwikly/PMSI/T_MCOAAGV2018.html"
"PMSI";"T_MCOAAGV2019";"";"Kwikly/PMSI/T_MCOAAGV2019.html"
"PMSI";"T_MCOAAGV2020";"";"Kwikly/PMSI/T_MCOAAGV2020.html"
"PMSI";"T_MCOAAGV2021";"";"Kwikly/PMSI/T_MCOAAGV2021.html"
"PMSI";"T_MCOAAGV2022";"";"Kwikly/PMSI/T_MCOAAGV2022.html"
"PMSI";"T_MCOAAGV2023";"";"Kwikly/PMSI/T_MCOAAGV2023.html"
"PMSI";"T_MCOAAGV2024";"";"Kwikly/PMSI/T_MCOAAGV2024.html"
"PMSI";"T_MCOAAGV2025";"";"Kwikly/PMSI/T_MCOAAGV2025.html"
"PMSI";"T_MCOAAGV9";"";"Kwikly/PMSI/T_MCOAAGV9.html"
"PMSI";"T_MCOAAIVG";"";"Kwikly/PMSI/T_MCOAAIVG.html"
"PMSI";"T_MCOAALACT";"";"Kwikly/PMSI/T_MCOAALACT.html"
"PMSI";"T_MCOAALEG";"MCO LEG";"Kwikly/PMSI/T_MCOAALEG.html"
"PMSI";"T_MCOAAMED";"MCO Médicament";"Kwikly/PMSI/T_MCOAAMED.html"
"PMSI";"T_MCOAAMEDAPAC";"MCO Médicament avec PAC";"Kwikly/PMSI/T_MCOAAMEDAPAC.html"
"PMSI";"T_MCOAAMEDATU";"";"Kwikly/PMSI/T_MCOAAMEDATU.html"
"PMSI";"T_MCOAAMEDTHROMBO";"";"Kwikly/PMSI/T_MCOAAMEDTHROMBO.html"
"PMSI";"T_MCOAAORP";"";"Kwikly/PMSI/T_MCOAAORP.html"
"PMSI";"T_MCOAAPIE";"MCO Prestations interétablissements";"Kwikly/PMSI/T_MCOAAPIE.html"
"PMSI";"T_MCOAAPIP";"";"Kwikly/PMSI/T_MCOAAPIP.html"
"PMSI";"T_MCOAAPORG";"MCO Prélèvements d'organes";"Kwikly/PMSI/T_MCOAAPORG.html"
"PMSI";"T_MCOAASTC";"MCO Informations de prise en charge des etb Sans taux de Convention";"Kwikly/PMSI/T_MCOAASTC.html"
"PMSI";"T_MCOAASUP_BPHNA";"";"Kwikly/PMSI/T_MCOAASUP_BPHNA.html"
"PMSI";"T_MCOAASUP_BPHNC";"";"Kwikly/PMSI/T_MCOAASUP_BPHNC.html"
"PMSI";"T_MCOAASUP_BPHNP";"";"Kwikly/PMSI/T_MCOAASUP_BPHNP.html"
"PMSI";"T_MCOAASUP_CES";"";"Kwikly/PMSI/T_MCOAASUP_CES.html"
"PMSI";"T_MCOAASUP_DSC";"MCO Tests diagnostiques Covid";"Kwikly/PMSI/T_MCOAASUP_DSC.html"
"PMSI";"T_MCOAASUP_FFM";"";"Kwikly/PMSI/T_MCOAASUP_FFM.html"
"PMSI";"T_MCOAASUP_IUM";"MCO fichsup IUM";"Kwikly/PMSI/T_MCOAASUP_IUM.html"
"PMSI";"T_MCOAASUP_LACT";"MCO Lactarium fichsup";"Kwikly/PMSI/T_MCOAASUP_LACT.html"
"PMSI";"T_MCOAASUP_MKP";"MCO Vaccination Monkeypox";"Kwikly/PMSI/T_MCOAASUP_MKP.html"
"PMSI";"T_MCOAASUP_PCR";"";"Kwikly/PMSI/T_MCOAASUP_PCR.html"
"PMSI";"T_MCOAASUP_PPCO";"MCO PRIMO PRESCR CHIMIO ORALE";"Kwikly/PMSI/T_MCOAASUP_PPCO.html"
"PMSI";"T_MCOAASUP_RIHND";"MCO recueil RIHN LC etab demandeur payeur";"Kwikly/PMSI/T_MCOAASUP_RIHND.html"
"PMSI";"T_MCOAASUP_RIHNP";"MCO recueil du RIHN LC établissements producteurs";"Kwikly/PMSI/T_MCOAASUP_RIHNP.html"
"PMSI";"T_MCOAASUP_SMUR";"MCO SMUR";"Kwikly/PMSI/T_MCOAASUP_SMUR.html"
"PMSI";"T_MCOAASUP_TIE";"";"Kwikly/PMSI/T_MCOAASUP_TIE.html"
"PMSI";"T_MCOAASUP_USMP";"MCO Médicaments dispensés en USMP";"Kwikly/PMSI/T_MCOAASUP_USMP.html"
"PMSI";"T_MCOAASUP_VAC";"MCO Vaccins";"Kwikly/PMSI/T_MCOAASUP_VAC.html"
"PMSI";"T_MCOAATRPT";"MCO transport";"Kwikly/PMSI/T_MCOAATRPT.html"
"PMSI";"T_MCOAAUM";"MCO Résumé d'Unités Médicales";"Kwikly/PMSI/T_MCOAAUM.html"
"PMSI";"T_MCOAAUPGV";"MCO unités médicales à portée globale valide";"Kwikly/PMSI/T_MCOAAUPGV.html"
"PMSI";"T_MCOAAVALO";"MCO Valorisation du séjour";"Kwikly/PMSI/T_MCOAAVALO.html"
"PMSI";"T_MCOAAVALOACE";"MCO Valorisation RSF";"Kwikly/PMSI/T_MCOAAVALOACE.html"
"PMSI";"T_MCOAAZ";"MCO Nombre d'actes menant vers les GHS 96";"Kwikly/PMSI/T_MCOAAZ.html"
"PMSI";"T_RIPAAC";"RIP Chaînage de résumés par séquence anonymisé (SNIR)";"Kwikly/PMSI/T_RIPAAC.html"
"PMSI";"T_RIPAACCAM";"RIP Actes CCAM";"Kwikly/PMSI/T_RIPAACCAM.html"
"PMSI";"T_RIPAACSTC";"RIP Chaînage des RSFA pour l'activité externe des établissements ex DGF";"Kwikly/PMSI/T_RIPAACSTC.html"
"PMSI";"T_RIPAAE";"RIP Etablissements";"Kwikly/PMSI/T_RIPAAE.html"
"PMSI";"T_RIPAAFA";"RIP RSFA A Début de facture";"Kwikly/PMSI/T_RIPAAFA.html"
"PMSI";"T_RIPAAFB";"RIP RSFA B Prestations Hospitalières";"Kwikly/PMSI/T_RIPAAFB.html"
"PMSI";"T_RIPAAFC";"RIP RSFA C Honoraires";"Kwikly/PMSI/T_RIPAAFC.html"
"PMSI";"T_RIPAAFH";"RIP RSFA H Prestations Hospitalières Médicaments";"Kwikly/PMSI/T_RIPAAFH.html"
"PMSI";"T_RIPAAFI";"RIP RSFA I Prestation Hospitalière interruption de séjour";"Kwikly/PMSI/T_RIPAAFI.html"
"PMSI";"T_RIPAAFL";"RIP codage affine actes bio2";"Kwikly/PMSI/T_RIPAAFL.html"
"PMSI";"T_RIPAAFM";"RIP RSFA M CCAM";"Kwikly/PMSI/T_RIPAAFM.html"
"PMSI";"T_RIPAAFP";"RIP RSFA P Prestations Hospitalières Prothèses";"Kwikly/PMSI/T_RIPAAFP.html"
"PMSI";"T_RIPAAISOCONT_CTL";"RIP table des erreurs de la table RIP_ISOCONT";"Kwikly/PMSI/T_RIPAAISOCONT_CTL.html"
"PMSI";"T_RIPAAR3A";"RIP Résumé par acte ambulatoire anonymisé (format P27)";"Kwikly/PMSI/T_RIPAAR3A.html"
"PMSI";"T_RIPAAR3AD";"RIP Diagnostics et facteurs associés";"Kwikly/PMSI/T_RIPAAR3AD.html"
"PMSI";"T_RIPAARSA";"RIP Résumé par séquence anonymisé (format P27)";"Kwikly/PMSI/T_RIPAARSA.html"
"PMSI";"T_RIPAARSAD";"RIP Diagnostics associés des séquences";"Kwikly/PMSI/T_RIPAARSAD.html"
"PMSI";"T_RIPAAS";"RIP Synthèse au Séjour de Résumés Hebdomadaires Anonymisés (SSRPSA) format M362";"Kwikly/PMSI/T_RIPAAS.html"
"PMSI";"T_RIPAASTC";"RIP etab DGF";"Kwikly/PMSI/T_RIPAASTC.html"
"PMSI";"T_RIPAASUP_DSC";"RIP Tests diagnostiques Covid";"Kwikly/PMSI/T_RIPAASUP_DSC.html"
"PMSI";"T_RIPAASUP_IUM";"RIP unités médicales";"Kwikly/PMSI/T_RIPAASUP_IUM.html"
"PMSI";"T_RIPAASUP_TIE";"";"Kwikly/PMSI/T_RIPAASUP_TIE.html"
"PMSI";"T_RIPAASUP_VAC";"RIP Vaccins";"Kwikly/PMSI/T_RIPAASUP_VAC.html"
"PMSI";"T_RIPAATP";"RIP table fichcomp_TP tpartiela";"Kwikly/PMSI/T_RIPAATP.html"
"PMSI";"T_RIPAATP_CTL";"RIP table des erreurs de la table RIP_TRPT";"Kwikly/PMSI/T_RIPAATP_CTL.html"
"PMSI";"T_RIPAATRPT";"RIP transport";"Kwikly/PMSI/T_RIPAATRPT.html"
"PMSI";"T_RIPAATRPT_CTL";"RIP erreurs de la table RIP_TRPT";"Kwikly/PMSI/T_RIPAATRPT_CTL.html"
"PMSI";"T_SSRAAA";"";"Kwikly/PMSI/T_SSRAAA.html"
"PMSI";"T_SSRAAB";"SSR RHA";"Kwikly/PMSI/T_SSRAAB.html"
"PMSI";"T_SSRAAC";"SSR Chaînage";"Kwikly/PMSI/T_SSRAAC.html"
"PMSI";"T_SSRAACCAM";"SSR Actes CCAM";"Kwikly/PMSI/T_SSRAACCAM.html"
"PMSI";"T_SSRAACCAR";"";"Kwikly/PMSI/T_SSRAACCAR.html"
"PMSI";"T_SSRAACMC";"";"Kwikly/PMSI/T_SSRAACMC.html"
"PMSI";"T_SSRAACSARR";"SSR Actes de rééducation réadaptation";"Kwikly/PMSI/T_SSRAACSARR.html"
"PMSI";"T_SSRAACSTC";"SSR Chaînage des RSFA pour l'activité externe des établissements ex DGF2";"Kwikly/PMSI/T_SSRAACSTC.html"
"PMSI";"T_SSRAAD";"SSR Diagnostics associés";"Kwikly/PMSI/T_SSRAAD.html"
"PMSI";"T_SSRAADIALP";"SSR Forfaits de dialyses péritonéales";"Kwikly/PMSI/T_SSRAADIALP.html"
"PMSI";"T_SSRAAE";"SSR Etablissements";"Kwikly/PMSI/T_SSRAAE.html"
"PMSI";"T_SSRAAFA";"SSR RSFA A Début de facture";"Kwikly/PMSI/T_SSRAAFA.html"
"PMSI";"T_SSRAAFASTC";"SSR RSFA début de facture pour l'activité externe des Etablissements ex DGF2";"Kwikly/PMSI/T_SSRAAFASTC.html"
"PMSI";"T_SSRAAFB";"SSR RSFA B Prestations Hospitalières";"Kwikly/PMSI/T_SSRAAFB.html"
"PMSI";"T_SSRAAFBSTC";"SSR RSFA facture pour l'activité externe des établissements ex DGF2";"Kwikly/PMSI/T_SSRAAFBSTC.html"
"PMSI";"T_SSRAAFC";"SSR RSFA C Honoraires";"Kwikly/PMSI/T_SSRAAFC.html"
"PMSI";"T_SSRAAFCSTC";"SSR Chaînage des RSFA honoraires pour l'activité externe des étab ex DGF2";"Kwikly/PMSI/T_SSRAAFCSTC.html"
"PMSI";"T_SSRAAFH";"SSR RSFA H Prestations Hospitalières Médicaments";"Kwikly/PMSI/T_SSRAAFH.html"
"PMSI";"T_SSRAAFHSTC";"SSR RAFAEL RSFA H Prestations Hospitalières Médicaments";"Kwikly/PMSI/T_SSRAAFHSTC.html"
"PMSI";"T_SSRAAFI";"SSR RSFA I Prestation Hospitalière interruption de séjour";"Kwikly/PMSI/T_SSRAAFI.html"
"PMSI";"T_SSRAAFL";"SSR codage affine actes bio2";"Kwikly/PMSI/T_SSRAAFL.html"
"PMSI";"T_SSRAAFLSTC";"SSR actes de biologie (issus de la NABM) STC2";"Kwikly/PMSI/T_SSRAAFLSTC.html"
"PMSI";"T_SSRAAFM";"SSR RSFA M CCAM";"Kwikly/PMSI/T_SSRAAFM.html"
"PMSI";"T_SSRAAFMSTC";"SS Chaînage des actes CCAM pour l'activité externe des établissements ex DGF2";"Kwikly/PMSI/T_SSRAAFMSTC.html"
"PMSI";"T_SSRAAFP";"SSR RSFA P Prestations Hospitalières Prothèses";"Kwikly/PMSI/T_SSRAAFP.html"
"PMSI";"T_SSRAAFPSTC";"SSR RSFADGF P Prestations Hospitalières Prothèses";"Kwikly/PMSI/T_SSRAAFPSTC.html"
"PMSI";"T_SSRAAGHJ";"";"Kwikly/PMSI/T_SSRAAGHJ.html"
"PMSI";"T_SSRAAGME";"SSR Groupes";"Kwikly/PMSI/T_SSRAAGME.html"
"PMSI";"T_SSRAALEG";"SSR LEG";"Kwikly/PMSI/T_SSRAALEG.html"
"PMSI";"T_SSRAAMED";"SSR médicament en sus fichcomp";"Kwikly/PMSI/T_SSRAAMED.html"
"PMSI";"T_SSRAAMEDAPAC";"SSR Médicament avec APAC";"Kwikly/PMSI/T_SSRAAMEDAPAC.html"
"PMSI";"T_SSRAAMEDATU";"";"Kwikly/PMSI/T_SSRAAMEDATU.html"
"PMSI";"T_SSRAAMEDSMR";"SSR liste des méd spécifiques";"Kwikly/PMSI/T_SSRAAMEDSMR.html"
"PMSI";"T_SSRAAS";"SSR Synthèse au Séjour de Résumés Hebdomadaires Anonymisés (SSRHA) format M36";"Kwikly/PMSI/T_SSRAAS.html"
"PMSI";"T_SSRAASTC";"SSR etab DGF";"Kwikly/PMSI/T_SSRAASTC.html"
"PMSI";"T_SSRAASUP_DSC";"SSR Tests diagnostiques Covid";"Kwikly/PMSI/T_SSRAASUP_DSC.html"
"PMSI";"T_SSRAASUP_IUM";"SSR fichsup IUM";"Kwikly/PMSI/T_SSRAASUP_IUM.html"
"PMSI";"T_SSRAASUP_TIE";"";"Kwikly/PMSI/T_SSRAASUP_TIE.html"
"PMSI";"T_SSRAASUP_VAC";"SSR Vaccins";"Kwikly/PMSI/T_SSRAASUP_VAC.html"
"PMSI";"T_SSRAATRPT";"SSR transport";"Kwikly/PMSI/T_SSRAATRPT.html"
"PMSI";"T_SSRAAVALO";"SSR Valorisation du séjour";"Kwikly/PMSI/T_SSRAAVALO.html"
"PMSI";"T_SUPAAALD";"";"Kwikly/PMSI/T_SUPAAALD.html"
"PMSI";"T_SUPAAATU";"";"Kwikly/PMSI/T_SUPAAATU.html"
"PMSI";"T_SUPAABPHN";"";"Kwikly/PMSI/T_SUPAABPHN.html"
"PMSI";"T_SUPAADMI";"";"Kwikly/PMSI/T_SUPAADMI.html"
"PMSI";"T_SUPAAFFM";"";"Kwikly/PMSI/T_SUPAAFFM.html"
"PMSI";"T_SUPAAIVG";"";"Kwikly/PMSI/T_SUPAAIVG.html"
"PMSI";"T_SUPAAMON";"";"Kwikly/PMSI/T_SUPAAMON.html"
"VALEUR";"AT_1IJ_V";"Indicateur premier règlement de l'AT";"Kwikly/VALEUR/AT_1IJ_V.html"
"VALEUR";"AT_AAT_V";"Nature de l' arret de travail";"Kwikly/VALEUR/AT_AAT_V.html"
"VALEUR";"AT_ACC_V";"Accord personne accompagnante";"Kwikly/VALEUR/AT_ACC_V.html"
"VALEUR";"AT_AGE_V";"Actes de gestion";"Kwikly/VALEUR/AT_AGE_V.html"
"VALEUR";"AT_ALI_V";"Table des alinéas";"Kwikly/VALEUR/AT_ALI_V.html"
"VALEUR";"AT_AMA_V";"Agent matériel de la déviation 1 & 2";"Kwikly/VALEUR/AT_AMA_V.html"
"VALEUR";"AT_AMD_V";"Agent Matériel Détaillé";"Kwikly/VALEUR/AT_AMD_V.html"
"VALEUR";"AT_ANC_V";"Code ancienneté AT/MP";"Kwikly/VALEUR/AT_ANC_V.html"
"VALEUR";"AT_APP_V";"nature de l'appareillage";"Kwikly/VALEUR/AT_APP_V.html"
"VALEUR";"AT_ASP_V";"Activite spécifique";"Kwikly/VALEUR/AT_ASP_V.html"
"VALEUR";"AT_ATP_V";"Profession de la victime d'un AT (version 212 SGE)";"Kwikly/VALEUR/AT_ATP_V.html"
"VALEUR";"AT_ATY_V";"TOP employeur atypique";"Kwikly/VALEUR/AT_ATY_V.html"
"VALEUR";"AT_AVI_V";"nature décision avis";"Kwikly/VALEUR/AT_AVI_V.html"
"VALEUR";"AT_BAT_V";"Code batellerie / Code forain";"Kwikly/VALEUR/AT_BAT_V.html"
"VALEUR";"AT_BDO_V";"TOP création BDO";"Kwikly/VALEUR/AT_BDO_V.html"
"VALEUR";"AT_BEN_V";"TOP AT bénin";"Kwikly/VALEUR/AT_BEN_V.html"
"VALEUR";"AT_BUR_V";"Code bureau";"Kwikly/VALEUR/AT_BUR_V.html"
"VALEUR";"AT_BUT_V";"Butoir de tarification";"Kwikly/VALEUR/AT_BUT_V.html"
"VALEUR";"AT_CAR_V";"CARSAT ( version 11 Orphee)";"Kwikly/VALEUR/AT_CAR_V.html"
"VALEUR";"AT_CAT_V";"Catégorie de tarification";"Kwikly/VALEUR/AT_CAT_V.html"
"VALEUR";"AT_CAU_V";"Agent causal";"Kwikly/VALEUR/AT_CAU_V.html"
"VALEUR";"AT_CHS_V";"Tables des CHSCT";"Kwikly/VALEUR/AT_CHS_V.html"
"VALEUR";"AT_CIJ_V";"Table des classes des nombres de jours d'IJ";"Kwikly/VALEUR/AT_CIJ_V.html"
"VALEUR";"AT_CJU_V";"Contestation juridique";"Kwikly/VALEUR/AT_CJU_V.html"
"VALEUR";"AT_CMI_V";"TOP lien CM";"Kwikly/VALEUR/AT_CMI_V.html"
"VALEUR";"AT_CNT_V";"Contexte des lésions";"Kwikly/VALEUR/AT_CNT_V.html"
"VALEUR";"AT_CON_V";"type de contestation (juridiction)";"Kwikly/VALEUR/AT_CON_V.html"
"VALEUR";"AT_COU_V";"type de courrier associé";"Kwikly/VALEUR/AT_COU_V.html"
"VALEUR";"AT_CPD_V";"Catégorie de produit";"Kwikly/VALEUR/AT_CPD_V.html"
"VALEUR";"AT_CRE_V";"Code de reconnaissance";"Kwikly/VALEUR/AT_CRE_V.html"
"VALEUR";"AT_CTN_V";"Table des CTN";"Kwikly/VALEUR/AT_CTN_V.html"
"VALEUR";"AT_CTS_V";"nature de la décision de contestation";"Kwikly/VALEUR/AT_CTS_V.html"
"VALEUR";"AT_DAT_V";"origine de la DAT (O/N)";"Kwikly/VALEUR/AT_DAT_V.html"
"VALEUR";"AT_DCD_V";"Indicateur de décès consécutif au sinistre";"Kwikly/VALEUR/AT_DCD_V.html"
"VALEUR";"AT_DEC_V";"décision recours contre tiers ( code alpha ) ( version 11 Orphee)";"Kwikly/VALEUR/AT_DEC_V.html"
"VALEUR";"AT_DEX_V";"Duree d'exposition";"Kwikly/VALEUR/AT_DEX_V.html"
"VALEUR";"AT_DMF_V";"Nature de la décision médicale finale";"Kwikly/VALEUR/AT_DMF_V.html"
"VALEUR";"AT_DMT_V";"Discipline Médico Tarifaire";"Kwikly/VALEUR/AT_DMT_V.html"
"VALEUR";"AT_DOS_V";"état du dossier ( code alpha ) ( version 11 Orphée)";"Kwikly/VALEUR/AT_DOS_V.html"
"VALEUR";"AT_DPS_V";"Détail de la pièce saisie";"Kwikly/VALEUR/AT_DPS_V.html"
"VALEUR";"AT_DPT_V";"département ( version 11 Orphee)";"Kwikly/VALEUR/AT_DPT_V.html"
"VALEUR";"AT_DTA_V";"TOP DAT tardive (O/N)";"Kwikly/VALEUR/AT_DTA_V.html"
"VALEUR";"AT_DVI_V";"Déviation";"Kwikly/VALEUR/AT_DVI_V.html"
"VALEUR";"AT_EDO_V";"Table etat du dossier";"Kwikly/VALEUR/AT_EDO_V.html"
"VALEUR";"AT_ELD_V";"Tables des éléments matériels";"Kwikly/VALEUR/AT_ELD_V.html"
"VALEUR";"AT_ELM_V";"Element matériel principal";"Kwikly/VALEUR/AT_ELM_V.html"
"VALEUR";"AT_EMP_V";"Gestion par employeur";"Kwikly/VALEUR/AT_EMP_V.html"
"VALEUR";"AT_EPI_V";"Nature de l'épisode";"Kwikly/VALEUR/AT_EPI_V.html"
"VALEUR";"AT_FAT_V";"Famille des AT";"Kwikly/VALEUR/AT_FAT_V.html"
"VALEUR";"AT_FJU_V";"Formes juridiques";"Kwikly/VALEUR/AT_FJU_V.html"
"VALEUR";"AT_HIS_V";"Reprise d'historique (Import)";"Kwikly/VALEUR/AT_HIS_V.html"
"VALEUR";"AT_HOS_V";"TOP Hospitalisation";"Kwikly/VALEUR/AT_HOS_V.html"
"VALEUR";"AT_HRE_V";"Tables des heures";"Kwikly/VALEUR/AT_HRE_V.html"
"VALEUR";"AT_IPR_V";"Table des regroupements des taux IPP";"Kwikly/VALEUR/AT_IPR_V.html"
"VALEUR";"AT_IRT_V";"Indicateur de rente AT";"Kwikly/VALEUR/AT_IRT_V.html"
"VALEUR";"AT_ITI_V";"Indicateur ITI (Indemnité Temporaire d¿Inaptitude)";"Kwikly/VALEUR/AT_ITI_V.html"
"VALEUR";"AT_IVA_V";"Table des codes correction";"Kwikly/VALEUR/AT_IVA_V.html"
"VALEUR";"AT_JIJ_V";"Tables du nombre de jours d'IJ";"Kwikly/VALEUR/AT_JIJ_V.html"
"VALEUR";"AT_JOU_V";"Tables des jours";"Kwikly/VALEUR/AT_JOU_V.html"
"VALEUR";"AT_LAT_V";"Code lieu";"Kwikly/VALEUR/AT_LAT_V.html"
"VALEUR";"AT_LES_V";"Nature des lésions (version 11 Orphee)";"Kwikly/VALEUR/AT_LES_V.html"
"VALEUR";"AT_LIC_V";"Reclassement ou licenciement";"Kwikly/VALEUR/AT_LIC_V.html"
"VALEUR";"AT_LIE_V";"Lieu de l'AT";"Kwikly/VALEUR/AT_LIE_V.html"
"VALEUR";"AT_LSN_V";"Nature des lésions (version 212 SGE)";"Kwikly/VALEUR/AT_LSN_V.html"
"VALEUR";"AT_MAM_V";"Code motif alineas MP";"Kwikly/VALEUR/AT_MAM_V.html"
"VALEUR";"AT_MDL_V";"Contact ou modalité de la blessure";"Kwikly/VALEUR/AT_MDL_V.html"
"VALEUR";"AT_MET_V";"profession en AT et MP ( version 11 Orphee)";"Kwikly/VALEUR/AT_MET_V.html"
"VALEUR";"AT_MLP_ANC_V";"Numéro de MP et syndrome";"Kwikly/VALEUR/AT_MLP_ANC_V.html"
"VALEUR";"AT_MLP_V";"Maladies professionnelles par syndrome";"Kwikly/VALEUR/AT_MLP_V.html"
"VALEUR";"AT_MLT_V";"Maladie professionelle par tableau";"Kwikly/VALEUR/AT_MLT_V.html"
"VALEUR";"AT_MOD_V";"Mode de tarification";"Kwikly/VALEUR/AT_MOD_V.html"
"VALEUR";"AT_MOI_V";"Table des mois";"Kwikly/VALEUR/AT_MOI_V.html"
"VALEUR";"AT_MOT_V";"motif de la contestation";"Kwikly/VALEUR/AT_MOT_V.html"
"VALEUR";"AT_MPP_V";"Profession de la victime d'une MP (version 212 SGE)";"Kwikly/VALEUR/AT_MPP_V.html"
"VALEUR";"AT_MRC_V";"Mode de récupération";"Kwikly/VALEUR/AT_MRC_V.html"
"VALEUR";"AT_MTP_V";"Code majoration tierce personne";"Kwikly/VALEUR/AT_MTP_V.html"
"VALEUR";"AT_MTY_V";"TOP codification profession ( Ancienne ou nouvelle)";"Kwikly/VALEUR/AT_MTY_V.html"
"VALEUR";"AT_NAB_V";"Table des nature de l'assuré beneficiare";"Kwikly/VALEUR/AT_NAB_V.html"
"VALEUR";"AT_NAF_V";"Table des codes NAF";"Kwikly/VALEUR/AT_NAF_V.html"
"VALEUR";"AT_NAT_V";"Nationalité";"Kwikly/VALEUR/AT_NAT_V.html"
"VALEUR";"AT_NCT_V";"Code nature elément contesté";"Kwikly/VALEUR/AT_NCT_V.html"
"VALEUR";"AT_NEC_V";"code element conteste";"Kwikly/VALEUR/AT_NEC_V.html"
"VALEUR";"AT_NLS_V";"Nature des lésions";"Kwikly/VALEUR/AT_NLS_V.html"
"VALEUR";"AT_NNI_V";"TOP NIR ou NNP de la victime ( code alpha )";"Kwikly/VALEUR/AT_NNI_V.html"
"VALEUR";"AT_NNP_V";"TOP NIR ou NNP de la victime ( code numérique )";"Kwikly/VALEUR/AT_NNP_V.html"
"VALEUR";"AT_NOT_V";"TOP notification";"Kwikly/VALEUR/AT_NOT_V.html"
"VALEUR";"AT_NOU_V";"TOP codification (ancienne ou nouvelle)";"Kwikly/VALEUR/AT_NOU_V.html"
"VALEUR";"AT_NRQ_V";"Nature requérant";"Kwikly/VALEUR/AT_NRQ_V.html"
"VALEUR";"AT_NSE_V";"Nature du cotisant/compte global";"Kwikly/VALEUR/AT_NSE_V.html"
"VALEUR";"AT_NTU_V";"Nature du sinistre";"Kwikly/VALEUR/AT_NTU_V.html"
"VALEUR";"AT_OCT_V";"origine de la contestation";"Kwikly/VALEUR/AT_OCT_V.html"
"VALEUR";"AT_ODF_V";"code origine de la décision médicale finale";"Kwikly/VALEUR/AT_ODF_V.html"
"VALEUR";"AT_OMS_V";"Maladie professionnelle OMS";"Kwikly/VALEUR/AT_OMS_V.html"
"VALEUR";"AT_ORC_V";"Origine des crédits";"Kwikly/VALEUR/AT_ORC_V.html"
"VALEUR";"AT_PAC_V";"TOP personne accompagnante";"Kwikly/VALEUR/AT_PAC_V.html"
"VALEUR";"AT_PAI_V";"Table groupe de paiement";"Kwikly/VALEUR/AT_PAI_V.html"
"VALEUR";"AT_PAT_V";"Profession de la victime d'un AT";"Kwikly/VALEUR/AT_PAT_V.html"
"VALEUR";"AT_PAY_V";"Code Pays";"Kwikly/VALEUR/AT_PAY_V.html"
"VALEUR";"AT_PIE_V";"Type de pièce nature des certificats médicaux";"Kwikly/VALEUR/AT_PIE_V.html"
"VALEUR";"AT_PMP_V";"Profession de la victime d'une MP";"Kwikly/VALEUR/AT_PMP_V.html"
"VALEUR";"AT_PTR_V";"Poste de travail";"Kwikly/VALEUR/AT_PTR_V.html"
"VALEUR";"AT_QUA_V";"Qualification professionnelle";"Kwikly/VALEUR/AT_QUA_V.html"
"VALEUR";"AT_RCT_V";"états du recours contre tiers";"Kwikly/VALEUR/AT_RCT_V.html"
"VALEUR";"AT_REC_V";"TOP envoi courrier (Lettre simple ou RAR)";"Kwikly/VALEUR/AT_REC_V.html"
"VALEUR";"AT_REP_V";"Suite repos AS";"Kwikly/VALEUR/AT_REP_V.html"
"VALEUR";"AT_REQ_V";"nature requerant";"Kwikly/VALEUR/AT_REQ_V.html"
"VALEUR";"AT_RNI_V";"Rente non imputable";"Kwikly/VALEUR/AT_RNI_V.html"
"VALEUR";"AT_RSQ_V";"Tables de risques";"Kwikly/VALEUR/AT_RSQ_V.html"
"VALEUR";"AT_RTI_V";"Recours contre tiers";"Kwikly/VALEUR/AT_RTI_V.html"
"VALEUR";"AT_SAN_V";"TOP Sanction (O/N)";"Kwikly/VALEUR/AT_SAN_V.html"
"VALEUR";"AT_SDO_V";"Table statut du dossier";"Kwikly/VALEUR/AT_SDO_V.html"
"VALEUR";"AT_SGE_V";"Siège de la lésion (version 212 SGE)";"Kwikly/VALEUR/AT_SGE_V.html"
"VALEUR";"AT_SIE_V";"Siège de la lésion (version 11 Orphee)";"Kwikly/VALEUR/AT_SIE_V.html"
"VALEUR";"AT_SIR_V";"top SIRET";"Kwikly/VALEUR/AT_SIR_V.html"
"VALEUR";"AT_SLP_V";"Siege des lésions principal";"Kwikly/VALEUR/AT_SLP_V.html"
"VALEUR";"AT_SLS_V";"Siege des lésions principal et secondaire";"Kwikly/VALEUR/AT_SLS_V.html"
"VALEUR";"AT_SPO_V";"Statut professionnel";"Kwikly/VALEUR/AT_SPO_V.html"
"VALEUR";"AT_STA_V";"Statut de l'épisode ou du décès";"Kwikly/VALEUR/AT_STA_V.html"
"VALEUR";"AT_TAN_V";"Type d'Anomalie _ Signalement _ Rejet (table AT)";"Kwikly/VALEUR/AT_TAN_V.html"
"VALEUR";"AT_TAR_V";"mode de tarification ( version 11 Orphee)";"Kwikly/VALEUR/AT_TAR_V.html"
"VALEUR";"AT_TAT_V";"Tranche d'age";"Kwikly/VALEUR/AT_TAT_V.html"
"VALEUR";"AT_TAU_V";"Tables des taux";"Kwikly/VALEUR/AT_TAU_V.html"
"VALEUR";"AT_TDO_V";"Table type de dossier";"Kwikly/VALEUR/AT_TDO_V.html"
"VALEUR";"AT_TEF_V";"Table des tranches d'effectifs";"Kwikly/VALEUR/AT_TEF_V.html"
"VALEUR";"AT_TEV_V";"Table type d'evenement";"Kwikly/VALEUR/AT_TEV_V.html"
"VALEUR";"AT_THE_V";"orientation thérapeutique accordée";"Kwikly/VALEUR/AT_THE_V.html"
"VALEUR";"AT_TLI_V";"Type de lieu";"Kwikly/VALEUR/AT_TLI_V.html"
"VALEUR";"AT_TPR_V";"Type de prestation";"Kwikly/VALEUR/AT_TPR_V.html"
"VALEUR";"AT_TRA_V";"mode de transport";"Kwikly/VALEUR/AT_TRA_V.html"
"VALEUR";"AT_TRE_V";"Type de rente";"Kwikly/VALEUR/AT_TRE_V.html"
"VALEUR";"AT_TRI_V";"Type de rattachement individu";"Kwikly/VALEUR/AT_TRI_V.html"
"VALEUR";"AT_TRQ_V";"Type de risque";"Kwikly/VALEUR/AT_TRQ_V.html"
"VALEUR";"AT_TYC_V";"Type de crédit";"Kwikly/VALEUR/AT_TYC_V.html"
"VALEUR";"AT_URG_V";"Notion d¿urgence";"Kwikly/VALEUR/AT_URG_V.html"
"VALEUR";"AT_URS_V";"URSSAF cotisant/VLU";"Kwikly/VALEUR/AT_URS_V.html"
"VALEUR";"AT_VIL_V";"ville de la cure thermale";"Kwikly/VALEUR/AT_VIL_V.html"
"VALEUR";"AT_VLI_V";"Validité du crédit/de la DAT";"Kwikly/VALEUR/AT_VLI_V.html"
"VALEUR";"AT_VSE_V";"Validité du cotisant";"Kwikly/VALEUR/AT_VSE_V.html"
"VALEUR";"BC_BSE_V";"types de bases émises par le partenaire dans le cadre du projet HDH";"Kwikly/VALEUR/BC_BSE_V.html"
"VALEUR";"BC_TRT_V";"types de traitement dans le cadre du projet HDH";"Kwikly/VALEUR/BC_TRT_V.html"
"VALEUR";"DE_ANA_V";"SIDEP Type de test de dépistage réalisé";"Kwikly/VALEUR/DE_ANA_V.html"
"VALEUR";"DE_ETA_V";"SIDEP Type d'établissement";"Kwikly/VALEUR/DE_ETA_V.html"
"VALEUR";"DE_HBG_V";"SIDEP Type d'hébergement des patients";"Kwikly/VALEUR/DE_HBG_V.html"
"VALEUR";"DE_RES_V";"SIDEP Résultat du test de dépistage";"Kwikly/VALEUR/DE_RES_V.html"
"VALEUR";"DE_STA_V";"SIDEP Statut du dossier du patient";"Kwikly/VALEUR/DE_STA_V.html"
"VALEUR";"DE_SYM_V";"SIDEP Présence de symptômes avant le dépistage";"Kwikly/VALEUR/DE_SYM_V.html"
"VALEUR";"DR_BSE_V";"Bases sur lesquelles porte l'exercice des droits dans le cadre du projet HDH";"Kwikly/VALEUR/DR_BSE_V.html"
"VALEUR";"DR_TYP_V";"Types de droits à exercer dans le cadre du projet HDH";"Kwikly/VALEUR/DR_TYP_V.html"
"VALEUR";"DS_ACC_V";"MODE D'ACCOUCHEMENT";"Kwikly/VALEUR/DS_ACC_V.html"
"VALEUR";"DS_ACP_V";"ACTIVITE PROFESSIONNELLE";"Kwikly/VALEUR/DS_ACP_V.html"
"VALEUR";"DS_AGE_V";"MORTALITE NEONATALE GROUPE D'AGE";"Kwikly/VALEUR/DS_AGE_V.html"
"VALEUR";"DS_APP_V";"TOP APPARIEMENT DECES";"Kwikly/VALEUR/DS_APP_V.html"
"VALEUR";"DS_ATT_V";"ACCIDENT DU TRAVAIL OU ACTIVITE PROFESSIONNELLE";"Kwikly/VALEUR/DS_ATT_V.html"
"VALEUR";"DS_CAU_V";"RECHERCHE DE LA CAUSE DE DECES";"Kwikly/VALEUR/DS_CAU_V.html"
"VALEUR";"DS_CER_V";"TYPE DE CERTIFICAT";"Kwikly/VALEUR/DS_CER_V.html"
"VALEUR";"DS_CIM_V";"VERSION DE LA CIM UTILISEE";"Kwikly/VALEUR/DS_CIM_V.html"
"VALEUR";"DS_CIR_V";"CIRCONSTANCES APPARENTES DU DECES";"Kwikly/VALEUR/DS_CIR_V.html"
"VALEUR";"DS_DEB_V";"DEBUT DU TRAVAIL";"Kwikly/VALEUR/DS_DEB_V.html"
"VALEUR";"DS_ENC_V";"LA FEMME DECEDEE ETAIT ELLE ENCEINTE ?";"Kwikly/VALEUR/DS_ENC_V.html"
"VALEUR";"DS_FIA_V";"FIABILITE DE LA DATE DU DECES";"Kwikly/VALEUR/DS_FIA_V.html"
"VALEUR";"DS_GRS_V";"LA GROSSESSE A CONTRIBUE AU DECES";"Kwikly/VALEUR/DS_GRS_V.html"
"VALEUR";"DS_LIA_V";"LIEU DE L'ACCOUCHEMENT";"Kwikly/VALEUR/DS_LIA_V.html"
"VALEUR";"DS_LIE_V";"LIEU DU DECES";"Kwikly/VALEUR/DS_LIE_V.html"
"VALEUR";"DS_LMV_V";"CODIFICATION DU LIEU DE DECES SI MORT VIOLENTE";"Kwikly/VALEUR/DS_LMV_V.html"
"VALEUR";"DS_MAR_V";"ETAT MATRIMONIAL";"Kwikly/VALEUR/DS_MAR_V.html"
"VALEUR";"DS_MSU_V";"MORT SUBITE";"Kwikly/VALEUR/DS_MSU_V.html"
"VALEUR";"DS_NAI_V";"TYPE DE NAISSANCE";"Kwikly/VALEUR/DS_NAI_V.html"
"VALEUR";"DS_NRS_V";"MORT INATTENDUE DU NOURISSON";"Kwikly/VALEUR/DS_NRS_V.html"
"VALEUR";"DS_PC1_V";"PROFESSION ET CATEGORIE SOCIOPROFESSIONNELLE, N. INSEE EN 8 POSTES";"Kwikly/VALEUR/DS_PC1_V.html"
"VALEUR";"DS_PC2_V";"PROFESSION ET CATEGORIE SOCIOPROFESSIONNELLE, N. INSEE EN 24 POSTES";"Kwikly/VALEUR/DS_PC2_V.html"
"VALEUR";"DS_PC3_V";"PROFESSION ET CATEGORIE SOCIOPROFESSIONNELLE, N. INSEE EN 42 POSTES";"Kwikly/VALEUR/DS_PC3_V.html"
"VALEUR";"DS_PFS_V";"ACTIVITE PROFESSIONNELLE DE LA MERE OU DU PERE";"Kwikly/VALEUR/DS_PFS_V.html"
"VALEUR";"DS_PRD_V";"";"Kwikly/VALEUR/DS_PRD_V.html"
"VALEUR";"DS_PST_V";"PRESENTATION DE L'ENFANT";"Kwikly/VALEUR/DS_PST_V.html"
"VALEUR";"DS_SIT_V";"LA MERE VIT ELLE EN COUPLE ?";"Kwikly/VALEUR/DS_SIT_V.html"
"VALEUR";"DS_STA_V";"STATUT DE TRAITEMENT";"Kwikly/VALEUR/DS_STA_V.html"
"VALEUR";"DS_SUP_V";"TYPE DE SUPPORT DU CERTIFICAT";"Kwikly/VALEUR/DS_SUP_V.html"
"VALEUR";"DS_TRF_V";"TRANSFERT OU HOSPITALISATION PARTICULIERE DE L'ENFANT";"Kwikly/VALEUR/DS_TRF_V.html"
"VALEUR";"DS_VER_V";"VERSION DU CERTIFICAT DE DECES";"Kwikly/VALEUR/DS_VER_V.html"
"VALEUR";"DS_VOL_V";"TYPE DE VOLET";"Kwikly/VALEUR/DS_VOL_V.html"
"VALEUR";"DW_DTC_V";"Source de détection";"Kwikly/VALEUR/DW_DTC_V.html"
"VALEUR";"DW_PRO_V";"Protocole";"Kwikly/VALEUR/DW_PRO_V.html"
"VALEUR";"DW_RSQ_V";"nature de risque";"Kwikly/VALEUR/DW_RSQ_V.html"
"VALEUR";"DW_STA_V";"état de statut";"Kwikly/VALEUR/DW_STA_V.html"
"VALEUR";"EP_CRG_V";"";"Kwikly/VALEUR/EP_CRG_V.html"
"VALEUR";"FC_BSE_V";"FDC Table de conversion des organismes de base";"Kwikly/VALEUR/FC_BSE_V.html"
"VALEUR";"FC_CAI_V";"FDC Table de conversion des Caisses";"Kwikly/VALEUR/FC_CAI_V.html"
"VALEUR";"FC_ORG_V";"FDC Table de conversion des organismes fins";"Kwikly/VALEUR/FC_ORG_V.html"
"VALEUR";"FC_TCL_V";"FDC Table des Méthodes de Traitement";"Kwikly/VALEUR/FC_TCL_V.html"
"VALEUR";"FC_VEX_V";"FDC Table d'exclusion des Vues";"Kwikly/VALEUR/FC_VEX_V.html"
"VALEUR";"GA_CEN_V";"Centre de numérisation et de vidéocodage";"Kwikly/VALEUR/GA_CEN_V.html"
"VALEUR";"GA_EDI_V";"Code origine édition";"Kwikly/VALEUR/GA_EDI_V.html"
"VALEUR";"GA_GBE_V";"Genre du bénéficiaire";"Kwikly/VALEUR/GA_GBE_V.html"
"VALEUR";"GA_INJ_V";"Numéro de coupon d'injection";"Kwikly/VALEUR/GA_INJ_V.html"
"VALEUR";"GA_TNI_V";"Top NIR fictif";"Kwikly/VALEUR/GA_TNI_V.html"
"VALEUR";"GA_UVA_V";"Code usine vaccin";"Kwikly/VALEUR/GA_UVA_V.html"
"VALEUR";"IR_ACC_V";"indicateur accident";"Kwikly/VALEUR/IR_ACC_V.html"
"VALEUR";"IR_ACH_V";"Type d'acheminement des flux";"Kwikly/VALEUR/IR_ACH_V.html"
"VALEUR";"IR_ACO_V";"Codes ACOSS";"Kwikly/VALEUR/IR_ACO_V.html"
"VALEUR";"IR_ACT_V";"Nature d'Activité (Non Médecins)";"Kwikly/VALEUR/IR_ACT_V.html"
"VALEUR";"IR_AFT_V";"Type d'Affinage pour Regroupements TANDEM";"Kwikly/VALEUR/IR_AFT_V.html"
"VALEUR";"IR_AGE_V";"Age";"Kwikly/VALEUR/IR_AGE_V.html"
"VALEUR";"IR_ALD_V";"Table des codes ALD30";"Kwikly/VALEUR/IR_ALD_V.html"
"VALEUR";"IR_AMA_V";"Age en mois (nourrissons) et années ( > 2ans)";"Kwikly/VALEUR/IR_AMA_V.html"
"VALEUR";"IR_ANC_V";"Table de codification des anomalies de conversion du code complément affiné";"Kwikly/VALEUR/IR_ANC_V.html"
"VALEUR";"IR_ANN_V";"Table des Années";"Kwikly/VALEUR/IR_ANN_V.html"
"VALEUR";"IR_APS_V";"Tranche d'Age PS5";"Kwikly/VALEUR/IR_APS_V.html"
"VALEUR";"IR_ASN_V";"Tranche d'Age SNIREP";"Kwikly/VALEUR/IR_ASN_V.html"
"VALEUR";"IR_ASS_V";"Table ASSONP";"Kwikly/VALEUR/IR_ASS_V.html"
"VALEUR";"IR_ASU_V";"Nature d'Assurance";"Kwikly/VALEUR/IR_ASU_V.html"
"VALEUR";"IR_ATT_V";"Nature d'Accident du Travail";"Kwikly/VALEUR/IR_ATT_V.html"
"VALEUR";"IR_BAC_V";"Top bénéficiaire ACS";"Kwikly/VALEUR/IR_BAC_V.html"
"VALEUR";"IR_BCM_V";"Top bénéficiaire CMU C";"Kwikly/VALEUR/IR_BCM_V.html"
"VALEUR";"IR_BEN_V";"Contexte Bénéficiaires";"Kwikly/VALEUR/IR_BEN_V.html"
"VALEUR";"IR_BEQ_V";"Qualité de Bénéficiaire";"Kwikly/VALEUR/IR_BEQ_V.html"
"VALEUR";"IR_BER_V";"Rang Gémellaire Bénéficiaire";"Kwikly/VALEUR/IR_BER_V.html"
"VALEUR";"IR_BIO_INT_V";"";"Kwikly/VALEUR/IR_BIO_INT_V.html"
"VALEUR";"IR_BRA_V";"Branche Comptable";"Kwikly/VALEUR/IR_BRA_V.html"
"VALEUR";"IR_BRG_V";"Regroupement de Qualité de bénéficiaire";"Kwikly/VALEUR/IR_BRG_V.html"
"VALEUR";"IR_C2S_V";"type C2S";"Kwikly/VALEUR/IR_C2S_V.html"
"VALEUR";"IR_CAF_V";"";"Kwikly/VALEUR/IR_CAF_V.html"
"VALEUR";"IR_CAI_V";"Caisse _ Organisme de base";"Kwikly/VALEUR/IR_CAI_V.html"
"VALEUR";"IR_CAT_V";"Catégorie Professionnel de Santé";"Kwikly/VALEUR/IR_CAT_V.html"
"VALEUR";"IR_CBI_V";"Catégorie de Bénéficiaire (Inval et Rentes AT)";"Kwikly/VALEUR/IR_CBI_V.html"
"VALEUR";"IR_CCA_V";"Compléments associés ou affinés";"Kwikly/VALEUR/IR_CCA_V.html"
"VALEUR";"IR_CCI_V";"";"Kwikly/VALEUR/IR_CCI_V.html"
"VALEUR";"IR_CE1_V";"Regroupement 1 des Catégories d'Etablissement";"Kwikly/VALEUR/IR_CE1_V.html"
"VALEUR";"IR_CE2_V";"Regroupement 2 des Catégories d'Etablissement";"Kwikly/VALEUR/IR_CE2_V.html"
"VALEUR";"IR_CE3_V";"Regroupement 3 des Catégories d'Etablissement";"Kwikly/VALEUR/IR_CE3_V.html"
"VALEUR";"IR_CEE_V";"Table CTI ELSM ERSM";"Kwikly/VALEUR/IR_CEE_V.html"
"VALEUR";"IR_CER_V";"niveau de certification";"Kwikly/VALEUR/IR_CER_V.html"
"VALEUR";"IR_CET_V";"Catégorie d'Etablissement";"Kwikly/VALEUR/IR_CET_V.html"
"VALEUR";"IR_CIA_V";"Catégorie Affinée de Pension d'Invalidité";"Kwikly/VALEUR/IR_CIA_V.html"
"VALEUR";"IR_CII_V";"Centre de Traitement Informatique Informationnel (CTII)";"Kwikly/VALEUR/IR_CII_V.html"
"VALEUR";"IR_CIM_V";"";"Kwikly/VALEUR/IR_CIM_V.html"
"VALEUR";"IR_CIP_V";"Table des classes therapeutiques ATC par code CIP";"Kwikly/VALEUR/IR_CIP_V.html"
"VALEUR";"IR_CIV_V";"Catégorie de Pension d'Invalidité";"Kwikly/VALEUR/IR_CIV_V.html"
"VALEUR";"IR_CLC_V";"Code Libellé de Contrôle";"Kwikly/VALEUR/IR_CLC_V.html"
"VALEUR";"IR_CMD_V";"Table CMD";"Kwikly/VALEUR/IR_CMD_V.html"
"VALEUR";"IR_CMF_V";"Regroupement Postes Comptables CMU _ Participation _ Forfait";"Kwikly/VALEUR/IR_CMF_V.html"
"VALEUR";"IR_CMH_V";"Regroupement de Postes Comptables CMU _ Hono _ Optiq _ Soin _ Frais";"Kwikly/VALEUR/IR_CMH_V.html"
"VALEUR";"IR_CMU_V";"Postes Comptables CMU";"Kwikly/VALEUR/IR_CMU_V.html"
"VALEUR";"IR_CNV_V";"Conventions Médicales";"Kwikly/VALEUR/IR_CNV_V.html"
"VALEUR";"IR_COC_V";"Catégorie d'Organisme Complémentaire";"Kwikly/VALEUR/IR_COC_V.html"
"VALEUR";"IR_COP_V";"Comptes COPERNIC";"Kwikly/VALEUR/IR_COP_V.html"
"VALEUR";"IR_CPA_V";"Complément d'Acte";"Kwikly/VALEUR/IR_CPA_V.html"
"VALEUR";"IR_CPM_V";"Complement/Majoration";"Kwikly/VALEUR/IR_CPM_V.html"
"VALEUR";"IR_CRA_V";"Caisse Régionale Assurance Maladie (CRAM)";"Kwikly/VALEUR/IR_CRA_V.html"
"VALEUR";"IR_CSS_V";"Code C2S";"Kwikly/VALEUR/IR_CSS_V.html"
"VALEUR";"IR_CTA_V";"type de contrat complémentaire";"Kwikly/VALEUR/IR_CTA_V.html"
"VALEUR";"IR_CTI_V";"Centre de Traitement Informatique de Production (CTI)";"Kwikly/VALEUR/IR_CTI_V.html"
"VALEUR";"IR_CTL_V";"Type de contrôle";"Kwikly/VALEUR/IR_CTL_V.html"
"VALEUR";"IR_DCT_V";"Deces _ Transfert";"Kwikly/VALEUR/IR_DCT_V.html"
"VALEUR";"IR_DDP_V";"Discipline de prestation établissement";"Kwikly/VALEUR/IR_DDP_V.html"
"VALEUR";"IR_DEP_V";"Qualificatif Dépense de Prestation";"Kwikly/VALEUR/IR_DEP_V.html"
"VALEUR";"IR_DEV_V";"Devise";"Kwikly/VALEUR/IR_DEV_V.html"
"VALEUR";"IR_DIP_V";"Dispositif de Prévention";"Kwikly/VALEUR/IR_DIP_V.html"
"VALEUR";"IR_DIS_V";"utilisation du distancier";"Kwikly/VALEUR/IR_DIS_V.html"
"VALEUR";"IR_DPT_DGP_V";"Département (2 caractères)";"Kwikly/VALEUR/IR_DPT_DGP_V.html"
"VALEUR";"IR_DPT_V";"";"Kwikly/VALEUR/IR_DPT_V.html"
"VALEUR";"IR_DRA_V";"Nature de Destinataire du Règlement Affiné";"Kwikly/VALEUR/IR_DRA_V.html"
"VALEUR";"IR_DRG_V";"Nature de Destinataire du Règlement";"Kwikly/VALEUR/IR_DRG_V.html"
"VALEUR";"IR_DSP_V";"Droits Spécifiques";"Kwikly/VALEUR/IR_DSP_V.html"
"VALEUR";"IR_DTE_V";"Période Civile Journalière";"Kwikly/VALEUR/IR_DTE_V.html"
"VALEUR";"IR_DTR_V";"Codes Détail Transport";"Kwikly/VALEUR/IR_DTR_V.html"
"VALEUR";"IR_EIN_V";"Etat de pension d'invalidité";"Kwikly/VALEUR/IR_EIN_V.html"
"VALEUR";"IR_EMF_V";"Table des Emetteurs Fins";"Kwikly/VALEUR/IR_EMF_V.html"
"VALEUR";"IR_ENT_V";"Mode d'Entrée";"Kwikly/VALEUR/IR_ENT_V.html"
"VALEUR";"IR_ENV_V";"Type d'Enveloppe";"Kwikly/VALEUR/IR_ENV_V.html"
"VALEUR";"IR_EPS_V";"Code nature d'exercice du PS";"Kwikly/VALEUR/IR_EPS_V.html"
"VALEUR";"IR_ERG_V";"Regroupement motif exo ticket modérateur";"Kwikly/VALEUR/IR_ERG_V.html"
"VALEUR";"IR_ETM_V";"Nature d'exonération du Ticket Modérateur";"Kwikly/VALEUR/IR_ETM_V.html"
"VALEUR";"IR_EXO_V";"Motif d'exonération du Ticket Modérateur";"Kwikly/VALEUR/IR_EXO_V.html"
"VALEUR";"IR_EXR_V";"Exercice de Rattachement";"Kwikly/VALEUR/IR_EXR_V.html"
"VALEUR";"IR_FJH_V";"Type de Prise en Charge Forfait Journalier";"Kwikly/VALEUR/IR_FJH_V.html"
"VALEUR";"IR_FOR_V";"Forçage du taux";"Kwikly/VALEUR/IR_FOR_V.html"
"VALEUR";"IR_GDE_V";"Grande Discipline de Prestation";"Kwikly/VALEUR/IR_GDE_V.html"
"VALEUR";"IR_GEO_V";"";"Kwikly/VALEUR/IR_GEO_V.html"
"VALEUR";"IR_GES_V";"Gestion Comptable";"Kwikly/VALEUR/IR_GES_V.html"
"VALEUR";"IR_GET_V";"Table des indicateurs de médicaments génériques";"Kwikly/VALEUR/IR_GET_V.html"
"VALEUR";"IR_GHS_V";"Table GHS";"Kwikly/VALEUR/IR_GHS_V.html"
"VALEUR";"IR_GHT_V";"Table GHT";"Kwikly/VALEUR/IR_GHT_V.html"
"VALEUR";"IR_GLF_V";"Grands Postes LFSS";"Kwikly/VALEUR/IR_GLF_V.html"
"VALEUR";"IR_GRG_V";"Grand Régime";"Kwikly/VALEUR/IR_GRG_V.html"
"VALEUR";"IR_GRP_V";"Membre d'un groupe ou d'une association";"Kwikly/VALEUR/IR_GRP_V.html"
"VALEUR";"IR_HAD_V";"HAD en médico social";"Kwikly/VALEUR/IR_HAD_V.html"
"VALEUR";"IR_ICL_V";"Indicateur de Contrôle";"Kwikly/VALEUR/IR_ICL_V.html"
"VALEUR";"IR_INS_V";"Zonage INSEE";"Kwikly/VALEUR/IR_INS_V.html"
"VALEUR";"IR_INT_V";"Type de version interface tiers";"Kwikly/VALEUR/IR_INT_V.html"
"VALEUR";"IR_JDC_V";"Justification des droits AMC";"Kwikly/VALEUR/IR_JDC_V.html"
"VALEUR";"IR_JDO_V";"Justification des droits AMO";"Kwikly/VALEUR/IR_JDO_V.html"
"VALEUR";"IR_LFS_V";"Postes LFSS";"Kwikly/VALEUR/IR_LFS_V.html"
"VALEUR";"IR_LHS_V";"Loi Hospitaliere/Sociale";"Kwikly/VALEUR/IR_LHS_V.html"
"VALEUR";"IR_LIE_V";"lieu d'exécution ( de l'acte médical )";"Kwikly/VALEUR/IR_LIE_V.html"
"VALEUR";"IR_LLD_V";"Regroupement LFSS _ Labo _ Dentistes _ Med _ Para";"Kwikly/VALEUR/IR_LLD_V.html"
"VALEUR";"IR_LOH_V";"Regroupement de Postes LFSS _ ONDAM _ Hors ONDAM";"Kwikly/VALEUR/IR_LOH_V.html"
"VALEUR";"IR_LSM_V";"Tables des codes ELSM";"Kwikly/VALEUR/IR_LSM_V.html"
"VALEUR";"IR_LVE_V";"Regroupement LFSS _ Soins Ville _ Etab _ Autre";"Kwikly/VALEUR/IR_LVE_V.html"
"VALEUR";"IR_MAJ_V";"Type de Majoration";"Kwikly/VALEUR/IR_MAJ_V.html"
"VALEUR";"IR_MCO_V";"Table MCO";"Kwikly/VALEUR/IR_MCO_V.html"
"VALEUR";"IR_MDP_V";"Mode de prescription";"Kwikly/VALEUR/IR_MDP_V.html"
"VALEUR";"IR_MDT_V";"Mode de Traitement";"Kwikly/VALEUR/IR_MDT_V.html"
"VALEUR";"IR_MED_V";"Informations Médicales";"Kwikly/VALEUR/IR_MED_V.html"
"VALEUR";"IR_MEP_V";"Mode d'Exercice Particulier (Omnipraticiens)";"Kwikly/VALEUR/IR_MEP_V.html"
"VALEUR";"IR_MFT_V";"Mode de Fixation de Tarif";"Kwikly/VALEUR/IR_MFT_V.html"
"VALEUR";"IR_MIN_V";"TYPE DE MINORATION";"Kwikly/VALEUR/IR_MIN_V.html"
"VALEUR";"IR_MIR_V";"Comptes Comptables MIRCOSS";"Kwikly/VALEUR/IR_MIR_V.html"
"VALEUR";"IR_MOD_V";"Mode de Règlement";"Kwikly/VALEUR/IR_MOD_V.html"
"VALEUR";"IR_MOI_V";"Période Civile Mensuelle";"Kwikly/VALEUR/IR_MOI_V.html"
"VALEUR";"IR_MP2_V";"modificateurs parcours de soins sur 2 caractères";"Kwikly/VALEUR/IR_MP2_V.html"
"VALEUR";"IR_MPA_V";"Participation de l'assuré HPDS";"Kwikly/VALEUR/IR_MPA_V.html"
"VALEUR";"IR_MPS_V";"Table des modificateurs (parcours de soin)";"Kwikly/VALEUR/IR_MPS_V.html"
"VALEUR";"IR_MTF_V";"motif de fin de contrat avec le medecin traitant";"Kwikly/VALEUR/IR_MTF_V.html"
"VALEUR";"IR_MTM_V";"Modulation du Ticket Modérateur";"Kwikly/VALEUR/IR_MTM_V.html"
"VALEUR";"IR_MTO_V";"indicateur tarification METEORe dans le cadre du projet Météor";"Kwikly/VALEUR/IR_MTO_V.html"
"VALEUR";"IR_MTR_V";"Motif du Transport";"Kwikly/VALEUR/IR_MTR_V.html"
"VALEUR";"IR_NAL_V";"Nombre d'ALD identifiées";"Kwikly/VALEUR/IR_NAL_V.html"
"VALEUR";"IR_NAT_V";"";"Kwikly/VALEUR/IR_NAT_V.html"
"VALEUR";"IR_NDT_V";"Nature de la dette";"Kwikly/VALEUR/IR_NDT_V.html"
"VALEUR";"IR_NEM_V";"Table des numéros d'emetteurs";"Kwikly/VALEUR/IR_NEM_V.html"
"VALEUR";"IR_NEX_V";"Nature d'Exercice d'un PS";"Kwikly/VALEUR/IR_NEX_V.html"
"VALEUR";"IR_NFS_V";"Nature de fin de séjour";"Kwikly/VALEUR/IR_NFS_V.html"
"VALEUR";"IR_NGC_V";"Numéro de gestion Comptable";"Kwikly/VALEUR/IR_NGC_V.html"
"VALEUR";"IR_NIR_V";"Code identification du NIR";"Kwikly/VALEUR/IR_NIR_V.html"
"VALEUR";"IR_NMD_V";"Nomenclature Médicale";"Kwikly/VALEUR/IR_NMD_V.html"
"VALEUR";"IR_NPS_V";"Notion de parcours de soin";"Kwikly/VALEUR/IR_NPS_V.html"
"VALEUR";"IR_OBS_V";"Code Observation";"Kwikly/VALEUR/IR_OBS_V.html"
"VALEUR";"IR_OPL_V";"Nature d'opération de liquidation";"Kwikly/VALEUR/IR_OPL_V.html"
"VALEUR";"IR_OPR_V";"Nature des Opérations de Récupération";"Kwikly/VALEUR/IR_OPR_V.html"
"VALEUR";"IR_ORG_V";"Tables des Organismes Inter Régimes";"Kwikly/VALEUR/IR_ORG_V.html"
"VALEUR";"IR_ORI_V";"ORIGINE DE LA SAISIE OU DE LA MISE A JOUR DE LA DECLARATION DE MEDECIN TRAITANT";"Kwikly/VALEUR/IR_ORI_V.html"
"VALEUR";"IR_PAF_V";"Particitipation forfaitaire";"Kwikly/VALEUR/IR_PAF_V.html"
"VALEUR";"IR_PAY_V";"Pays";"Kwikly/VALEUR/IR_PAY_V.html"
"VALEUR";"IR_PCT_V";"Périodes comptables";"Kwikly/VALEUR/IR_PCT_V.html"
"VALEUR";"IR_PEL_V";"Indicateur Prescription en ligne";"Kwikly/VALEUR/IR_PEL_V.html"
"VALEUR";"IR_PEN_V";"type de pension";"Kwikly/VALEUR/IR_PEN_V.html"
"VALEUR";"IR_PNE_V";"Prestation en Nature _ Espèce et Autre";"Kwikly/VALEUR/IR_PNE_V.html"
"VALEUR";"IR_POS_V";"Code Postal";"Kwikly/VALEUR/IR_POS_V.html"
"VALEUR";"IR_PPU_V";"Secteur d'Activité (Privé _ Public)";"Kwikly/VALEUR/IR_PPU_V.html"
"VALEUR";"IR_PRF_V";"Type de Prestation Fournie (Dispositifs Médicaux)";"Kwikly/VALEUR/IR_PRF_V.html"
"VALEUR";"IR_PRO_V";"Contexte Professionnel de Santé";"Kwikly/VALEUR/IR_PRO_V.html"
"VALEUR";"IR_QBA_V";"Qualité de Bénéficiaire Affinée";"Kwikly/VALEUR/IR_QBA_V.html"
"VALEUR";"IR_QPE_V";"Table des qualificatifs de parcours de soin (entree)";"Kwikly/VALEUR/IR_QPE_V.html"
"VALEUR";"IR_QPS_V";"Table des qualificatifs de parcours de soin (sortie)";"Kwikly/VALEUR/IR_QPS_V.html"
"VALEUR";"IR_RAN_V";"Table des typologies d'anomalies";"Kwikly/VALEUR/IR_RAN_V.html"
"VALEUR";"IR_REF_V";"Libelle Indicateur Medecin Referent";"Kwikly/VALEUR/IR_REF_V.html"
"VALEUR";"IR_REG_V";"Région";"Kwikly/VALEUR/IR_REG_V.html"
"VALEUR";"IR_REK_V";"Indicateurs Référentiel EP Kiné";"Kwikly/VALEUR/IR_REK_V.html"
"VALEUR";"IR_REN_V";"table de renouvellement";"Kwikly/VALEUR/IR_REN_V.html"
"VALEUR";"IR_RGM_V";"Petit Régime d'Affiliation";"Kwikly/VALEUR/IR_RGM_V.html"
"VALEUR";"IR_RGP_V";"type de regroupement de séjour dans le cadre du projet T2A SSR";"Kwikly/VALEUR/IR_RGP_V.html"
"VALEUR";"IR_RGT_V";"Regroupement de prestations";"Kwikly/VALEUR/IR_RGT_V.html"
"VALEUR";"IR_RGU_V";"Sens de la régularisation";"Kwikly/VALEUR/IR_RGU_V.html"
"VALEUR";"IR_RNM_V";"indicateur du RNIAM";"Kwikly/VALEUR/IR_RNM_V.html"
"VALEUR";"IR_RP1_V";"Regroupement HPHE Détaillé Honoraires Spécialistes et Auxiliaires";"Kwikly/VALEUR/IR_RP1_V.html"
"VALEUR";"IR_RP2_V";"Regroupement HPHE Détaillé Honoraires Auxiliaires";"Kwikly/VALEUR/IR_RP2_V.html"
"VALEUR";"IR_RP3_V";"Regroupement Hono Presc Hospit Espece (HPHE)";"Kwikly/VALEUR/IR_RP3_V.html"
"VALEUR";"IR_RRG_V";"Regroupement de Régime";"Kwikly/VALEUR/IR_RRG_V.html"
"VALEUR";"IR_RSM_V";"Tables des codes ERSM";"Kwikly/VALEUR/IR_RSM_V.html"
"VALEUR";"IR_RVL_V";"Nature de la revalorisation (IJ)";"Kwikly/VALEUR/IR_RVL_V.html"
"VALEUR";"IR_SAF_V";"Type de Saisie Affinée ou Support d'Entrée";"Kwikly/VALEUR/IR_SAF_V.html"
"VALEUR";"IR_SAI_V";"Type de Saisie ou Système à l'Origine du Mouvement";"Kwikly/VALEUR/IR_SAI_V.html"
"VALEUR";"IR_SAN_V";"Centre de Santé";"Kwikly/VALEUR/IR_SAN_V.html"
"VALEUR";"IR_SAT_V";"Motif de suppression de la rente AT";"Kwikly/VALEUR/IR_SAT_V.html"
"VALEUR";"IR_SEQ_V";"Séquence de renouvellement";"Kwikly/VALEUR/IR_SEQ_V.html"
"VALEUR";"IR_SEX_V";"";"Kwikly/VALEUR/IR_SEX_V.html"
"VALEUR";"IR_SFJ_V";"Type de supplément forfait";"Kwikly/VALEUR/IR_SFJ_V.html"
"VALEUR";"IR_SGN_V";"Signe du Mouvement";"Kwikly/VALEUR/IR_SGN_V.html"
"VALEUR";"IR_SJE_V";"Statut juridique d'Etablissement";"Kwikly/VALEUR/IR_SJE_V.html"
"VALEUR";"IR_SJP_V";"Statut Juridique ou Mode d'Exercice d'un PS";"Kwikly/VALEUR/IR_SJP_V.html"
"VALEUR";"IR_SL2_V";"Regroupement slm mutuelles federatrices";"Kwikly/VALEUR/IR_SL2_V.html"
"VALEUR";"IR_SLG_V";"Regroupement Section Locale Mutualiste";"Kwikly/VALEUR/IR_SLG_V.html"
"VALEUR";"IR_SLM_V";"Section Locale Mutualiste (SLM)";"Kwikly/VALEUR/IR_SLM_V.html"
"VALEUR";"IR_SNS_V";"Sens du Mouvement";"Kwikly/VALEUR/IR_SNS_V.html"
"VALEUR";"IR_SOP_V";"Sortie _ Présence";"Kwikly/VALEUR/IR_SOP_V.html"
"VALEUR";"IR_SPD_V";"Specialite de Discipline";"Kwikly/VALEUR/IR_SPD_V.html"
"VALEUR";"IR_SPE_V";"Spécialités médicales";"Kwikly/VALEUR/IR_SPE_V.html"
"VALEUR";"IR_SPS_V";"Regroupement de Spécialité pour les Statistiques Mensuelles";"Kwikly/VALEUR/IR_SPS_V.html"
"VALEUR";"IR_SPT_V";"Regroupement de Spécialité pour TANDEM";"Kwikly/VALEUR/IR_SPT_V.html"
"VALEUR";"IR_SRG_V";"Regroupement Statut juridique PS";"Kwikly/VALEUR/IR_SRG_V.html"
"VALEUR";"IR_STA_V";"Regroupement de Prestation pour les Statistiques Mensuelles";"Kwikly/VALEUR/IR_STA_V.html"
"VALEUR";"IR_SUB_V";"Motif de Substitution Médicament";"Kwikly/VALEUR/IR_SUB_V.html"
"VALEUR";"IR_SVI_V";"table des Indicateurs de suivi du n° RPPS";"Kwikly/VALEUR/IR_SVI_V.html"
"VALEUR";"IR_TAA_V";"Impact T2A publique sur le référentiel tables";"Kwikly/VALEUR/IR_TAA_V.html"
"VALEUR";"IR_TAE_V";"Type d'activité établissement";"Kwikly/VALEUR/IR_TAE_V.html"
"VALEUR";"IR_TAN_V";"Type d'Anomalie _ Signalement _ Rejet";"Kwikly/VALEUR/IR_TAN_V.html"
"VALEUR";"IR_TAU_V";"Taux de Prise en Charge";"Kwikly/VALEUR/IR_TAU_V.html"
"VALEUR";"IR_TCE_V";"";"Kwikly/VALEUR/IR_TCE_V.html"
"VALEUR";"IR_TCM_V";"Type de Procédure de Paiement CMU";"Kwikly/VALEUR/IR_TCM_V.html"
"VALEUR";"IR_TCP_V";"Type de CIP délivré";"Kwikly/VALEUR/IR_TCP_V.html"
"VALEUR";"IR_TCR_V";"Top certification du lot";"Kwikly/VALEUR/IR_TCR_V.html"
"VALEUR";"IR_TCU_V";"Type de codage UCD";"Kwikly/VALEUR/IR_TCU_V.html"
"VALEUR";"IR_TDM_V";"Regroupement de Prestation pour TANDEM";"Kwikly/VALEUR/IR_TDM_V.html"
"VALEUR";"IR_TDU_V";"Top déconditionnement";"Kwikly/VALEUR/IR_TDU_V.html"
"VALEUR";"IR_TEK_V";"Top Entente Préalable Kiné";"Kwikly/VALEUR/IR_TEK_V.html"
"VALEUR";"IR_TMT_V";"Top prescripteur medecin traitant";"Kwikly/VALEUR/IR_TMT_V.html"
"VALEUR";"IR_TOC_V";"Top option de coordination";"Kwikly/VALEUR/IR_TOC_V.html"
"VALEUR";"IR_TOP_V";"Table indicateur de tarif opposable";"Kwikly/VALEUR/IR_TOP_V.html"
"VALEUR";"IR_TOR_V";"Types d'organismes";"Kwikly/VALEUR/IR_TOR_V.html"
"VALEUR";"IR_TPR_V";"Types de prestation Kiné";"Kwikly/VALEUR/IR_TPR_V.html"
"VALEUR";"IR_TRG_V";"Regroupement taux de prise en charge";"Kwikly/VALEUR/IR_TRG_V.html"
"VALEUR";"IR_TTX_V";"Type de Taux";"Kwikly/VALEUR/IR_TTX_V.html"
"VALEUR";"IR_TUM_V";"Codes de catégories de tumeurs pour les codes cim10 de l'ald numéro 30";"Kwikly/VALEUR/IR_TUM_V.html"
"VALEUR";"IR_TYA_V";"Types d'actes";"Kwikly/VALEUR/IR_TYA_V.html"
"VALEUR";"IR_TYE_V";"Type d'établissement";"Kwikly/VALEUR/IR_TYE_V.html"
"VALEUR";"IR_TYO_V";"Type d'Organisme";"Kwikly/VALEUR/IR_TYO_V.html"
"VALEUR";"IR_TYP_V";"";"Kwikly/VALEUR/IR_TYP_V.html"
"VALEUR";"IR_TYR_V";"Type de Remboursement";"Kwikly/VALEUR/IR_TYR_V.html"
"VALEUR";"IR_TYT_V";"Tables des types de transmetteurs";"Kwikly/VALEUR/IR_TYT_V.html"
"VALEUR";"IR_TYV_V";"Type de Ventilation";"Kwikly/VALEUR/IR_TYV_V.html"
"VALEUR";"IR_URC_V";"URCAM _ ARH";"Kwikly/VALEUR/IR_URC_V.html"
"VALEUR";"IR_VIT_V";"indicateur de forçage Sesam Vitale";"Kwikly/VALEUR/IR_VIT_V.html"
"VALEUR";"IR_ZCN_V";"Zonage conventionnel";"Kwikly/VALEUR/IR_ZCN_V.html"
"VALEUR";"IR_ZTP_V";"Zone Tarif PS";"Kwikly/VALEUR/IR_ZTP_V.html"
"VALEUR";"MS_ACT_V";"Justification de l'exonération du TM2";"Kwikly/VALEUR/MS_ACT_V.html"
"VALEUR";"MS_AFP_V";"Controle fusion Ano Hospit et Fichier PMSI";"Kwikly/VALEUR/MS_AFP_V.html"
"VALEUR";"MS_AHP_V";"Controle fusion Ano Hospit et Hospit PMSI";"Kwikly/VALEUR/MS_AHP_V.html"
"VALEUR";"MS_ASN_V";"Nature d'assurance PMSI";"Kwikly/VALEUR/MS_ASN_V.html"
"VALEUR";"MS_ATV_V";"Activité de l'acte";"Kwikly/VALEUR/MS_ATV_V.html"
"VALEUR";"MS_AUT_V";"Type d'UM autorise";"Kwikly/VALEUR/MS_AUT_V.html"
"VALEUR";"MS_CAD_V";"Controle du Numero Administratif";"Kwikly/VALEUR/MS_CAD_V.html"
"VALEUR";"MS_CDM_V";"Nomenclature CDAM (Actes Hospitaliers)";"Kwikly/VALEUR/MS_CDM_V.html"
"VALEUR";"MS_CIM_V";"Codes Diagnostics (CIM10)";"Kwikly/VALEUR/MS_CIM_V.html"
"VALEUR";"MS_CIV_V";"Code Civilite";"Kwikly/VALEUR/MS_CIV_V.html"
"VALEUR";"MS_CSS_V";"Controle du Numero de Securite Sociale";"Kwikly/VALEUR/MS_CSS_V.html"
"VALEUR";"MS_CSX_V";"Controle du Sexe";"Kwikly/VALEUR/MS_CSX_V.html"
"VALEUR";"MS_DST_V";"Destination";"Kwikly/VALEUR/MS_DST_V.html"
"VALEUR";"MS_DTN_V";"Controle de la date de naissance";"Kwikly/VALEUR/MS_DTN_V.html"
"VALEUR";"MS_ENR_V";"Type d'enregistrement";"Kwikly/VALEUR/MS_ENR_V.html"
"VALEUR";"MS_ENT_V";"Mode d'entree du champ PMSI_MCO";"Kwikly/VALEUR/MS_ENT_V.html"
"VALEUR";"MS_FFT_V";"Forfait Dialyse";"Kwikly/VALEUR/MS_FFT_V.html"
"VALEUR";"MS_FMT_V";"Type de format RSF (Ancien / Nouveau)";"Kwikly/VALEUR/MS_FMT_V.html"
"VALEUR";"MS_GM7_V";"Groupe Homogene de Malade (GHM) V7";"Kwikly/VALEUR/MS_GM7_V.html"
"VALEUR";"MS_GM9_V";"Groupe Homogene de Malade (GHM) V9";"Kwikly/VALEUR/MS_GM9_V.html"
"VALEUR";"MS_JTM_V";"Justification de l'exonération du TM";"Kwikly/VALEUR/MS_JTM_V.html"
"VALEUR";"MS_LDD_V";"Passage dans un lit dedie aux soins Palliatifs";"Kwikly/VALEUR/MS_LDD_V.html"
"VALEUR";"MS_NFS_V";"Nature d'interruption ou de fin de sejour";"Kwikly/VALEUR/MS_NFS_V.html"
"VALEUR";"MS_OPE_V";"Nature d¿Opération";"Kwikly/VALEUR/MS_OPE_V.html"
"VALEUR";"MS_PDP_V";"Position du Diagnostic Principal";"Kwikly/VALEUR/MS_PDP_V.html"
"VALEUR";"MS_PEC_V";"Code de prise en charge";"Kwikly/VALEUR/MS_PEC_V.html"
"VALEUR";"MS_PHA_V";"Phase de l'acte CCAM";"Kwikly/VALEUR/MS_PHA_V.html"
"VALEUR";"MS_PPO_V";"Type de Prestation de Prelevement d'Organes";"Kwikly/VALEUR/MS_PPO_V.html"
"VALEUR";"MS_PRV_V";"Provenance";"Kwikly/VALEUR/MS_PRV_V.html"
"VALEUR";"MS_REC_V";"Nature opération de récupération";"Kwikly/VALEUR/MS_REC_V.html"
"VALEUR";"MS_RES_V";"Code Geographique de residence";"Kwikly/VALEUR/MS_RES_V.html"
"VALEUR";"MS_RT7_V";"Resultat du groupage (version de groupage_CMD_GHM_Code retour) RT7";"Kwikly/VALEUR/MS_RT7_V.html"
"VALEUR";"MS_RT9_V";"Resultat du groupage (version de groupage_CMD_GHM_Code retour) RT9";"Kwikly/VALEUR/MS_RT9_V.html"
"VALEUR";"MS_SEJ_V";"Type de sejour";"Kwikly/VALEUR/MS_SEJ_V.html"
"VALEUR";"MS_SOR_V";"Mode de Sortie du Champ PMSI_MCO";"Kwikly/VALEUR/MS_SOR_V.html"
"VALEUR";"MS_TAA_V";"Table des Types d'activités autorisées";"Kwikly/VALEUR/MS_TAA_V.html"
"VALEUR";"MS_TAL_V";"Type d'autorisation de lit dedie frequente par le patient";"Kwikly/VALEUR/MS_TAL_V.html"
"VALEUR";"MS_TCH_V";"Top en Char ( oui / non )";"Kwikly/VALEUR/MS_TCH_V.html"
"VALEUR";"MS_TOP_V";"Top Numérique ( oui / non )";"Kwikly/VALEUR/MS_TOP_V.html"
"VALEUR";"MS_VLP_V";"Code Valorisation partielle";"Kwikly/VALEUR/MS_VLP_V.html"
"VALEUR";"PX_APP_V";"table des applications";"Kwikly/VALEUR/PX_APP_V.html"
"VALEUR";"PX_CAT_V";"catégories télé service";"Kwikly/VALEUR/PX_CAT_V.html"
"VALEUR";"PX_DRS_V";"table d'association entre les Caisses et les DRSM";"Kwikly/VALEUR/PX_DRS_V.html"
"VALEUR";"PX_ETA_V";"codes catégories télé service par établissement";"Kwikly/VALEUR/PX_ETA_V.html"
"VALEUR";"PX_FCT_V";"table des fonctionnalités";"Kwikly/VALEUR/PX_FCT_V.html"
"VALEUR";"PX_FSR_V";"table des services associés aux fonctionnalités";"Kwikly/VALEUR/PX_FSR_V.html"
"VALEUR";"PX_SER_V";"services pour restitution";"Kwikly/VALEUR/PX_SER_V.html"
"VALEUR";"PX_SPE_V";"table des codes catégories télé service par spécialité";"Kwikly/VALEUR/PX_SPE_V.html"
"VALEUR";"PX_TRC_V";"tranches de connexions";"Kwikly/VALEUR/PX_TRC_V.html"
"VALEUR";"R9_PAR_V";"Paramétrage automatisation ARA";"Kwikly/VALEUR/R9_PAR_V.html"
"VALEUR";"R9_SPE_V";"regroupements Spécialité pour automatisation ARA";"Kwikly/VALEUR/R9_SPE_V.html"
"VALEUR";"RM_CND_V";"top conditionnement";"Kwikly/VALEUR/RM_CND_V.html"
"VALEUR";"RM_CNV_V";"top répertoire conventionnel";"Kwikly/VALEUR/RM_CNV_V.html"
"VALEUR";"RM_EXP_V";"top exception";"Kwikly/VALEUR/RM_EXP_V.html"
"VALEUR";"RM_HTA_V";"top hypertension artérielle";"Kwikly/VALEUR/RM_HTA_V.html"
"VALEUR";"RM_PAR_V";"top des principes actifs retenus";"Kwikly/VALEUR/RM_PAR_V.html"
"VALEUR";"RM_RFM_V";"top convention (Suivi de la réforme)";"Kwikly/VALEUR/RM_RFM_V.html"
"VALEUR";"RM_RPM_V";"répertoire du médicament";"Kwikly/VALEUR/RM_RPM_V.html"
"VALEUR";"RM_SRT_V";"top sortie hospitalière";"Kwikly/VALEUR/RM_SRT_V.html"
"VALEUR";"RM_TAN_V";"top des types d'anomalies des flux";"Kwikly/VALEUR/RM_TAN_V.html"
"VALEUR";"ZO_CAI_V";"Caisses (grand régime/caisse de gestion/centre gestionnaire) ( projet EHPAD )";"Kwikly/VALEUR/ZO_CAI_V.html"
"VALEUR";"ZO_MMV_V";"motifs de mouvement RESID EHPAD";"Kwikly/VALEUR/ZO_MMV_V.html"
"VALEUR";"ZO_PRE_V";"prestations RESID EHPAD";"Kwikly/VALEUR/ZO_PRE_V.html"
"VALEUR";"ZO_TMV_V";"types de mouvement RESID EHPAD";"Kwikly/VALEUR/ZO_TMV_V.html"
