table	colonnes	table_cible	colonnes_cible
CRTO_CT_DEP_G12_AAAA	BEN_IDT_ANO	CRTO_CT_IDE_G12_AAAA	BEN_IDT_ANO
CRTO_CT_IDE_G12_AAAA	BEN_NIR_PSA,BEN_RNG_GEM	IR_BEN_R	BEN_NIR_PSA,BEN_RNG_GEM
CRTO_CT_IND_G12_AAAA	BEN_IDT_ANO	CRTO_CT_IDE_G12_AAAA	BEN_IDT_ANO
CRTO_CT_RES_G12_AAAA	BEN_IDT_ANO	CRTO_CT_IDE_G12_AAAA	BEN_IDT_ANO
KI_CCI_R	BEN_IDT_ANO	IR_BEN_R	BEN_IDT_ANO
KI_ECD_R	BEN_IDT_ANO	IR_BEN_R	BEN_IDT_ANO
ER_ANO_F	DCT_ORD_NUM,FLX_DIS_DTD,FLX_EMT_NUM,FLX_EMT_ORD,FLX_EMT_TYP,FLX_TRT_DTD,ORG_CLE_NUM,PRS_ORD_NUM,REM_TYP_AFF	ER_PRS_F	DCT_ORD_NUM,FLX_DIS_DTD,FLX_EMT_NUM,FLX_EMT_ORD,FLX_EMT_TYP,FLX_TRT_DTD,ORG_CLE_NUM,PRS_ORD_NUM,REM_TYP_AFF
ER_ARO_F	DCT_ORD_NUM,FLX_DIS_DTD,FLX_EMT_NUM,FLX_EMT_ORD,FLX_EMT_TYP,FLX_TRT_DTD,ORG_CLE_NUM,PRS_ORD_NUM,REM_TYP_AFF	ER_PRS_F	DCT_ORD_NUM,FLX_DIS_DTD,FLX_EMT_NUM,FLX_EMT_ORD,FLX_EMT_TYP,FLX_TRT_DTD,ORG_CLE_NUM,PRS_ORD_NUM,REM_TYP_AFF
ER_BIO_F	DCT_ORD_NUM,FLX_DIS_DTD,FLX_EMT_NUM,FLX_EMT_ORD,FLX_EMT_TYP,FLX_TRT_DTD,ORG_CLE_NUM,PRS_ORD_NUM,REM_TYP_AFF	ER_PRS_F	DCT_ORD_NUM,FLX_DIS_DTD,FLX_EMT_NUM,FLX_EMT_ORD,FLX_EMT_TYP,FLX_TRT_DTD,ORG_CLE_NUM,PRS_ORD_NUM,REM_TYP_AFF
ER_CAM_F	DCT_ORD_NUM,FLX_DIS_DTD,FLX_EMT_NUM,FLX_EMT_ORD,FLX_EMT_TYP,FLX_TRT_DTD,ORG_CLE_NUM,PRS_ORD_NUM,REM_TYP_AFF	ER_PRS_F	DCT_ORD_NUM,FLX_DIS_DTD,FLX_EMT_NUM,FLX_EMT_ORD,FLX_EMT_TYP,FLX_TRT_DTD,ORG_CLE_NUM,PRS_ORD_NUM,REM_TYP_AFF
ER_CPT_F	DCT_ORD_NUM,FLX_DIS_DTD,FLX_EMT_NUM,FLX_EMT_ORD,FLX_EMT_TYP,FLX_TRT_DTD,ORG_CLE_NUM,PRS_ORD_NUM,REM_TYP_AFF	ER_PRS_F	DCT_ORD_NUM,FLX_DIS_DTD,FLX_EMT_NUM,FLX_EMT_ORD,FLX_EMT_TYP,FLX_TRT_DTD,ORG_CLE_NUM,PRS_ORD_NUM,REM_TYP_AFF
ER_DCT_F	DCT_ORD_NUM,FLX_DIS_DTD,FLX_EMT_NUM,FLX_EMT_ORD,FLX_EMT_TYP,FLX_TRT_DTD,ORG_CLE_NUM	ER_PRS_F	DCT_ORD_NUM,FLX_DIS_DTD,FLX_EMT_NUM,FLX_EMT_ORD,FLX_EMT_TYP,FLX_TRT_DTD,ORG_CLE_NUM
ER_DTR_F	DCT_ORD_NUM,FLX_DIS_DTD,FLX_EMT_NUM,FLX_EMT_ORD,FLX_EMT_TYP,FLX_TRT_DTD,ORG_CLE_NUM,PRS_ORD_NUM,REM_TYP_AFF	ER_PRS_F	DCT_ORD_NUM,FLX_DIS_DTD,FLX_EMT_NUM,FLX_EMT_ORD,FLX_EMT_TYP,FLX_TRT_DTD,ORG_CLE_NUM,PRS_ORD_NUM,REM_TYP_AFF
ER_ETE_F	DCT_ORD_NUM,FLX_DIS_DTD,FLX_EMT_NUM,FLX_EMT_ORD,FLX_EMT_TYP,FLX_TRT_DTD,ORG_CLE_NUM,PRS_ORD_NUM,REM_TYP_AFF	ER_PRS_F	DCT_ORD_NUM,FLX_DIS_DTD,FLX_EMT_NUM,FLX_EMT_ORD,FLX_EMT_TYP,FLX_TRT_DTD,ORG_CLE_NUM,PRS_ORD_NUM,REM_TYP_AFF
ER_INV_F	DCT_ORD_NUM,FLX_DIS_DTD,FLX_EMT_NUM,FLX_EMT_ORD,FLX_EMT_TYP,FLX_TRT_DTD,ORG_CLE_NUM,PRS_ORD_NUM,REM_TYP_AFF	ER_PRS_F	DCT_ORD_NUM,FLX_DIS_DTD,FLX_EMT_NUM,FLX_EMT_ORD,FLX_EMT_TYP,FLX_TRT_DTD,ORG_CLE_NUM,PRS_ORD_NUM,REM_TYP_AFF
ER_LOT_F	DCT_ORD_NUM,FLX_DIS_DTD,FLX_EMT_NUM,FLX_EMT_ORD,FLX_EMT_TYP,FLX_TRT_DTD,ORG_CLE_NUM,PRS_ORD_NUM,REM_TYP_AFF	ER_PRS_F	DCT_ORD_NUM,FLX_DIS_DTD,FLX_EMT_NUM,FLX_EMT_ORD,FLX_EMT_TYP,FLX_TRT_DTD,ORG_CLE_NUM,PRS_ORD_NUM,REM_TYP_AFF
ER_LOT_F	DCT_ORD_NUM,FLX_DIS_DTD,FLX_EMT_NUM,FLX_EMT_ORD,FLX_EMT_TYP,FLX_TRT_DTD,ORG_CLE_NUM,PRS_ORD_NUM,REM_TYP_AFF,PHA_ORD_NUM	ER_PHA_F	DCT_ORD_NUM,FLX_DIS_DTD,FLX_EMT_NUM,FLX_EMT_ORD,FLX_EMT_TYP,FLX_TRT_DTD,ORG_CLE_NUM,PRS_ORD_NUM,REM_TYP_AFF,PHA_ORD_NUM
ER_PHA_F	DCT_ORD_NUM,FLX_DIS_DTD,FLX_EMT_NUM,FLX_EMT_ORD,FLX_EMT_TYP,FLX_TRT_DTD,ORG_CLE_NUM,PRS_ORD_NUM,REM_TYP_AFF	ER_PRS_F	DCT_ORD_NUM,FLX_DIS_DTD,FLX_EMT_NUM,FLX_EMT_ORD,FLX_EMT_TYP,FLX_TRT_DTD,ORG_CLE_NUM,PRS_ORD_NUM,REM_TYP_AFF
ER_PRS_F	BEN_NIR_PSA,BEN_RNG_GEM	IR_BEN_R	BEN_NIR_PSA,BEN_RNG_GEM
ER_RAT_F	DCT_ORD_NUM,FLX_DIS_DTD,FLX_EMT_NUM,FLX_EMT_ORD,FLX_EMT_TYP,FLX_TRT_DTD,ORG_CLE_NUM,PRS_ORD_NUM,REM_TYP_AFF	ER_PRS_F	DCT_ORD_NUM,FLX_DIS_DTD,FLX_EMT_NUM,FLX_EMT_ORD,FLX_EMT_TYP,FLX_TRT_DTD,ORG_CLE_NUM,PRS_ORD_NUM,REM_TYP_AFF
ER_TIP_F	DCT_ORD_NUM,FLX_DIS_DTD,FLX_EMT_NUM,FLX_EMT_ORD,FLX_EMT_TYP,FLX_TRT_DTD,ORG_CLE_NUM,PRS_ORD_NUM,REM_TYP_AFF	ER_PRS_F	DCT_ORD_NUM,FLX_DIS_DTD,FLX_EMT_NUM,FLX_EMT_ORD,FLX_EMT_TYP,FLX_TRT_DTD,ORG_CLE_NUM,PRS_ORD_NUM,REM_TYP_AFF
ER_TRS_F	DCT_ORD_NUM,FLX_DIS_DTD,FLX_EMT_NUM,FLX_EMT_ORD,FLX_EMT_TYP,FLX_TRT_DTD,ORG_CLE_NUM,PRS_ORD_NUM,REM_TYP_AFF	ER_PRS_F	DCT_ORD_NUM,FLX_DIS_DTD,FLX_EMT_NUM,FLX_EMT_ORD,FLX_EMT_TYP,FLX_TRT_DTD,ORG_CLE_NUM,PRS_ORD_NUM,REM_TYP_AFF
ER_UCD_F	DCT_ORD_NUM,FLX_DIS_DTD,FLX_EMT_NUM,FLX_EMT_ORD,FLX_EMT_TYP,FLX_TRT_DTD,ORG_CLE_NUM,PRS_ORD_NUM,REM_TYP_AFF	ER_PRS_F	DCT_ORD_NUM,FLX_DIS_DTD,FLX_EMT_NUM,FLX_EMT_ORD,FLX_EMT_TYP,FLX_TRT_DTD,ORG_CLE_NUM,PRS_ORD_NUM,REM_TYP_AFF
T_HADaaA	ETA_NUM_EPMSI,RHAD_NUM	T_HADaaB	ETA_NUM_EPMSI,RHAD_NUM
T_HADaaB	ETA_NUM_EPMSI,RHAD_NUM	T_HADaaC	ETA_NUM_EPMSI,RHAD_NUM
T_HADaaC	NIR_ANO_17	IR_BEN_R	BEN_NIR_PSA
T_HADaaD	ETA_NUM_EPMSI,RHAD_NUM	T_HADaaB	ETA_NUM_EPMSI,RHAD_NUM
T_HADaaDMPA	ETA_NUM_EPMSI,RHAD_NUM	T_HADaaB	ETA_NUM_EPMSI,RHAD_NUM
T_HADaaDMPP	ETA_NUM_EPMSI,RHAD_NUM	T_HADaaB	ETA_NUM_EPMSI,RHAD_NUM
T_HADaaE	ETA_NUM	T_HADaaB	ETA_NUM_EPMSI
T_HADaaEHPA	ETA_NUM_EPMSI	T_HADaaE	ETA_NUM
T_HADaaFA	ETA_NUM_EPMSI,RHAD_NUM	T_HADaaB	ETA_NUM_EPMSI,RHAD_NUM
T_HADaaFB	ETA_NUM_EPMSI,RHAD_NUM	T_HADaaB	ETA_NUM_EPMSI,RHAD_NUM
T_HADaaFC	ETA_NUM_EPMSI,RHAD_NUM	T_HADaaB	ETA_NUM_EPMSI,RHAD_NUM
T_HADaaFH	ETA_NUM_EPMSI,RHAD_NUM	T_HADaaB	ETA_NUM_EPMSI,RHAD_NUM
T_HADaaFI	ETA_NUM_EPMSI,RHAD_NUM	T_HADaaB	ETA_NUM_EPMSI,RHAD_NUM
T_HADaaFL	ETA_NUM_EPMSI,RHAD_NUM	T_HADaaB	ETA_NUM_EPMSI,RHAD_NUM
T_HADaaFM	ETA_NUM_EPMSI,RHAD_NUM	T_HADaaB	ETA_NUM_EPMSI,RHAD_NUM
T_HADaaFP	ETA_NUM_EPMSI,RHAD_NUM	T_HADaaB	ETA_NUM_EPMSI,RHAD_NUM
T_HADaaGJ	ETA_NUM_PMSI	T_HADaaE	ETA_NUM
T_HADaaGRE	ETA_NUM_EPMSI,RHAD_NUM	T_HADaaB	ETA_NUM_EPMSI,RHAD_NUM
T_HADaaGRP	ETA_NUM_EPMSI,RHAD_NUM	T_HADaaB	ETA_NUM_EPMSI,RHAD_NUM
T_HADaaLEG	ETA_NUM_EPMSI,RHAD_NUM	T_HADaaB	ETA_NUM_EPMSI,RHAD_NUM
T_HADaaMED	ETA_NUM_EPMSI,RHAD_NUM	T_HADaaB	ETA_NUM_EPMSI,RHAD_NUM
T_HADaaMEDAPAC	ETA_NUM_EPMSI,RHAD_NUM	T_HADaaB	ETA_NUM_EPMSI,RHAD_NUM
T_HADaaMEDATU	ETA_NUM_EPMSI,RHAD_NUM	T_HADaaB	ETA_NUM_EPMSI,RHAD_NUM
T_HADaaMEDCHL	ETA_NUM_EPMSI,RHAD_NUM	T_HADaaB	ETA_NUM_EPMSI,RHAD_NUM
T_HADaaMON	ETA_NUM_EPMSI	T_HADaaE	ETA_NUM
T_HADaaS	ETA_NUM_EPMSI,RHAD_NUM	T_HADaaB	ETA_NUM_EPMSI,RHAD_NUM
T_HADaaSTC	ETA_NUM_EPMSI,RHAD_NUM	T_HADaaB	ETA_NUM_EPMSI,RHAD_NUM
T_HADaaSUP_DSC	ETA_NUM	T_HADaaE	ETA_NUM
T_HADaaSUP_PREADMI	ETA_NUM_EPMSI	T_HADaaE	ETA_NUM
T_HADaaVALO	ETA_NUM,RHAD_NUM	T_HADaaB	ETA_NUM_EPMSI,RHAD_NUM
T_MCOaaA	ETA_NUM,RSA_NUM	T_MCOaaB	ETA_NUM,RSA_NUM
T_MCOaaB	ETA_NUM,RSA_NUM	T_MCOaaC	ETA_NUM,RSA_NUM
T_MCOaaBPHN	ETA_NUM	T_MCOaaE	ETA_NUM
T_MCOaaBPHNA	ETA_NUM	T_MCOaaE	ETA_NUM
T_MCOaaBPHNC	ETA_NUM	T_MCOaaE	ETA_NUM
T_MCOaaBPHNP	ETA_NUM	T_MCOaaE	ETA_NUM
T_MCOaaC	NIR_ANO_17	IR_BEN_R	BEN_NIR_PSA
T_MCOaaCES	ETA_NUM	T_MCOaaE	ETA_NUM
T_MCOaaCSTC	ETA_NUM,SEQ_NUM	T_MCOaaFASTC	ETA_NUM,SEQ_NUM
T_MCOaaCSTC	NIR_ANO_17	IR_BEN_R	BEN_NIR_PSA
T_MCOaaD	ETA_NUM,RSA_NUM	T_MCOaaB	ETA_NUM,RSA_NUM
T_MCOaaDIALP	ETA_NUM,RSA_NUM	T_MCOaaB	ETA_NUM,RSA_NUM
T_MCOaaDMIP	ETA_NUM,RSA_NUM	T_MCOaaB	ETA_NUM,RSA_NUM
T_MCOaaE	ETA_NUM	T_MCOaaB	ETA_NUM
T_MCOaaFA	ETA_NUM,RSA_NUM	T_MCOaaB	ETA_NUM,RSA_NUM
T_MCOaaFASTC	ETA_NUM	T_MCOaaE	ETA_NUM
T_MCOaaFB	ETA_NUM,RSA_NUM	T_MCOaaB	ETA_NUM,RSA_NUM
T_MCOaaFBSTC	ETA_NUM,SEQ_NUM	T_MCOaaFASTC	ETA_NUM,SEQ_NUM
T_MCOaaFC	ETA_NUM,RSA_NUM	T_MCOaaB	ETA_NUM,RSA_NUM
T_MCOaaFCSTC	ETA_NUM,SEQ_NUM	T_MCOaaFASTC	ETA_NUM,SEQ_NUM
T_MCOaaFH	ETA_NUM,RSA_NUM	T_MCOaaB	ETA_NUM,RSA_NUM
T_MCOaaFHSTC	ETA_NUM,SEQ_NUM	T_MCOaaFASTC	ETA_NUM,SEQ_NUM
T_MCOaaFI	ETA_NUM,RSA_NUM	T_MCOaaB	ETA_NUM,RSA_NUM
T_MCOaaFL	ETA_NUM,RSA_NUM	T_MCOaaB	ETA_NUM,RSA_NUM
T_MCOaaFLSTC	ETA_NUM,SEQ_NUM	T_MCOaaFASTC	ETA_NUM,SEQ_NUM
T_MCOaaFM	ETA_NUM,RSA_NUM	T_MCOaaB	ETA_NUM,RSA_NUM
T_MCOaaFMSTC	ETA_NUM,SEQ_NUM	T_MCOaaFASTC	ETA_NUM,SEQ_NUM
T_MCOaaFP	ETA_NUM,RSA_NUM	T_MCOaaB	ETA_NUM,RSA_NUM
T_MCOaaFPSTC	ETA_NUM,SEQ_NUM	T_MCOaaFASTC	ETA_NUM,SEQ_NUM
T_MCOaaGVxxxx	ETA_NUM,RSA_NUM	T_MCOaaB	ETA_NUM,RSA_NUM
T_MCOaaIVG	ETA_NUM,RSA_NUM	T_MCOaaB	ETA_NUM,RSA_NUM
T_MCOaaLACT	ETA_NUM	T_MCOaaE	ETA_NUM
T_MCOaaLEG	ETA_NUM,RSA_NUM	T_MCOaaB	ETA_NUM,RSA_NUM
T_MCOaaMED	ETA_NUM,RSA_NUM	T_MCOaaB	ETA_NUM,RSA_NUM
T_MCOaaMEDAPAC	ETA_NUM,RSA_NUM	T_MCOaaB	ETA_NUM,RSA_NUM
T_MCOaaMEDATU	ETA_NUM,RSA_NUM	T_MCOaaB	ETA_NUM,RSA_NUM
T_MCOaaMEDTHROMBO	ETA_NUM,RSA_NUM	T_MCOaaB	ETA_NUM,RSA_NUM
T_MCOaaORP	ETA_NUM,RSA_NUM	T_MCOaaB	ETA_NUM,RSA_NUM
T_MCOaaPIE	ETA_NUM,RSA_NUM	T_MCOaaB	ETA_NUM,RSA_NUM
T_MCOaaPIP	ETA_NUM,RSA_NUM	T_MCOaaB	ETA_NUM,RSA_NUM
T_MCOaaPORG	ETA_NUM,RSA_NUM	T_MCOaaB	ETA_NUM,RSA_NUM
T_MCOaaSTC	ETA_NUM,RSA_NUM	T_MCOaaB	ETA_NUM,RSA_NUM
T_MCOaaSUP_BPHNA	ETA_NUM	T_MCOaaE	ETA_NUM
T_MCOaaSUP_BPHNC	ETA_NUM	T_MCOaaE	ETA_NUM
T_MCOaaSUP_BPHNP	ETA_NUM	T_MCOaaE	ETA_NUM
T_MCOaaSUP_CES	ETA_NUM	T_MCOaaE	ETA_NUM
T_MCOaaSUP_DSC	ETA_NUM	T_MCOaaE	ETA_NUM
T_MCOaaSUP_FFM	ETA_NUM	T_MCOaaE	ETA_NUM
T_MCOaaSUP_IUM	ETA_NUM	T_MCOaaE	ETA_NUM
T_MCOaaSUP_LACT	ETA_NUM	T_MCOaaE	ETA_NUM
T_MCOaaSUP_MKP	ETA_NUM	T_MCOaaE	ETA_NUM
T_MCOaaSUP_PCR	ETA_NUM	T_MCOaaE	ETA_NUM
T_MCOaaSUP_PPCO	ETA_NUM	T_MCOaaE	ETA_NUM
T_MCOaaSUP_RIHND	ETA_NUM	T_MCOaaE	ETA_NUM
T_MCOaaSUP_RIHNP	ETA_NUM	T_MCOaaE	ETA_NUM
T_MCOaaSUP_SMUR	ETA_NUM	T_MCOaaE	ETA_NUM
T_MCOaaSUP_TIE	ETA_NUM	T_MCOaaE	ETA_NUM
T_MCOaaSUP_USMP	ETA_NUM	T_MCOaaE	ETA_NUM
T_MCOaaSUP_VAC	ETA_NUM	T_MCOaaE	ETA_NUM
T_MCOaaTRPT	ETA_NUM,RSA_NUM	T_MCOaaB	ETA_NUM,RSA_NUM
T_MCOaaUM	ETA_NUM,RSA_NUM	T_MCOaaB	ETA_NUM,RSA_NUM
T_MCOaaUPGV	ETA_NUM,RSA_NUM	T_MCOaaB	ETA_NUM,RSA_NUM
T_MCOaaVALO	ETA_NUM,RSA_NUM	T_MCOaaB	ETA_NUM,RSA_NUM
T_MCOaaVALOACE	ETA_NUM,SEQ_NUM	T_MCOaaFASTC	ETA_NUM,SEQ_NUM
T_MCOaaZ	ETA_NUM,RSA_NUM	T_MCOaaB	ETA_NUM,RSA_NUM
T_SUPaaALD	ETA_NUM	T_MCOaaE	ETA_NUM
T_RIPaaC	NIR_ANO_17	IR_BEN_R	BEN_NIR_PSA
T_RIPaaCCAM	ETA_NUM_EPMSI,RIP_NUM	T_RIPaaRSA	ETA_NUM_EPMSI,RIP_NUM
T_RIPaaCSTC	ETA_NUM_EPMSI	T_RIPaaE	ETA_NUM
T_RIPaaE	ETA_NUM	T_RIPaaRSA	ETA_NUM_EPMSI
T_RIPaaFA	ETA_NUM_EPMSI,RIP_NUM	T_RIPaaRSA	ETA_NUM_EPMSI,RIP_NUM
T_RIPaaFB	ETA_NUM_EPMSI,RIP_NUM	T_RIPaaRSA	ETA_NUM_EPMSI,RIP_NUM
T_RIPaaFC	ETA_NUM_EPMSI,RIP_NUM	T_RIPaaRSA	ETA_NUM_EPMSI,RIP_NUM
T_RIPaaFH	ETA_NUM_EPMSI,RIP_NUM	T_RIPaaRSA	ETA_NUM_EPMSI,RIP_NUM
T_RIPaaFI	ETA_NUM_EPMSI,RIP_NUM	T_RIPaaRSA	ETA_NUM_EPMSI,RIP_NUM
T_RIPaaFL	ETA_NUM_EPMSI,RIP_NUM	T_RIPaaRSA	ETA_NUM_EPMSI,RIP_NUM
T_RIPaaFM	ETA_NUM_EPMSI,RIP_NUM	T_RIPaaRSA	ETA_NUM_EPMSI,RIP_NUM
T_RIPaaFP	ETA_NUM_EPMSI,RIP_NUM	T_RIPaaRSA	ETA_NUM_EPMSI,RIP_NUM
T_RIPaaISOCONT_CTL	ETA_NUM_EPMSI	T_RIPaaE	ETA_NUM
T_RIPaaR3A	ETA_NUM_EPMSI	T_RIPaaE	ETA_NUM
T_RIPaaR3AD	ETA_NUM_EPMSI,ORD_NUM,SEJ_IDT	T_RIPaaR3A	ETA_NUM_EPMSI,ORD_NUM,SEJ_IDT
T_RIPaaRSA	ETA_NUM_EPMSI,RIP_NUM	T_RIPaaC	ETA_NUM_EPMSI,RIP_NUM
T_RIPaaRSAD	ETA_NUM_EPMSI,RIP_NUM,SEQ_SEQ_NUM	T_RIPaaRSA	ETA_NUM_EPMSI,RIP_NUM,SEQ_SEQ_NUM
T_RIPaaS	ETA_NUM_EPMSI,RIP_NUM	T_RIPaaRSA	ETA_NUM_EPMSI,RIP_NUM
T_RIPaaSTC	ETA_NUM_EPMSI,RIP_NUM	T_RIPaaRSA	ETA_NUM_EPMSI,RIP_NUM
T_RIPaaSUP_DSC	ETA_NUM	T_RIPaaE	ETA_NUM
T_RIPaaSUP_IUM	ETA_NUM_EPMSI	T_RIPaaE	ETA_NUM
T_RIPaaSUP_TIE	ETA_NUM	T_RIPaaE	ETA_NUM
T_RIPaaSUP_VAC	ETA_NUM	T_RIPaaE	ETA_NUM
T_RIPaaTP	ETA_NUM_EPMSI,RIP_NUM,SEQ_SEQ_NUM	T_RIPaaRSA	ETA_NUM_EPMSI,RIP_NUM,SEQ_SEQ_NUM
T_RIPaaTP_CTL	ETA_NUM_EPMSI,RIP_NUM,SEQ_SEQ_NUM	T_RIPaaRSA	ETA_NUM_EPMSI,RIP_NUM,SEQ_SEQ_NUM
T_RIPaaTRPT	ETA_NUM_EPMSI,RIP_NUM	T_RIPaaRSA	ETA_NUM_EPMSI,RIP_NUM
T_RIPaaTRPT_CTL	ETA_NUM_EPMSI,RIP_NUM	T_RIPaaRSA	ETA_NUM_EPMSI,RIP_NUM
T_SSRaaA	ETA_NUM,RHA_NUM,RHS_NUM	T_SSRaaB	ETA_NUM,RHA_NUM,RHS_NUM
T_SSRaaB	ETA_NUM,RHA_NUM	T_SSRaaC	ETA_NUM,RHA_NUM
T_SSRaaC	NIR_ANO_17	IR_BEN_R	BEN_NIR_PSA
T_SSRaaCCAM	ETA_NUM,RHA_NUM,RHS_NUM	T_SSRaaB	ETA_NUM,RHA_NUM,RHS_NUM
T_SSRaaCCAR	ETA_NUM,RHA_NUM,RHS_NUM	T_SSRaaB	ETA_NUM,RHA_NUM,RHS_NUM
T_SSRaaCMC	ETA_NUM,RHA_NUM	T_SSRaaB	ETA_NUM,RHA_NUM
T_SSRaaCSARR	ETA_NUM,RHA_NUM,RHS_NUM	T_SSRaaB	ETA_NUM,RHA_NUM,RHS_NUM
T_SSRaaCSTC	ETA_NUM,SEQ_NUM	T_SSRaaFASTC	ETA_NUM,SEQ_NUM
T_SSRaaCSTC	NIR_ANO_17	IR_BEN_R	BEN_NIR_PSA
T_SSRaaD	ETA_NUM,RHA_NUM,RHS_NUM	T_SSRaaB	ETA_NUM,RHA_NUM,RHS_NUM
T_SSRaaDIALP	ETA_NUM,RHA_NUM	T_SSRaaB	ETA_NUM,RHA_NUM
T_SSRaaE	ETA_NUM	T_SSRaaB	ETA_NUM
T_SSRaaFA	ETA_NUM,RHA_NUM	T_SSRaaB	ETA_NUM,RHA_NUM
T_SSRaaFASTC	ETA_NUM	T_SSRaaE	ETA_NUM
T_SSRaaFB	ETA_NUM,RHA_NUM	T_SSRaaB	ETA_NUM,RHA_NUM
T_SSRaaFBSTC	ETA_NUM,SEQ_NUM	T_SSRaaFASTC	ETA_NUM,SEQ_NUM
T_SSRaaFC	ETA_NUM,RHA_NUM	T_SSRaaB	ETA_NUM,RHA_NUM
T_SSRaaFCSTC	ETA_NUM,SEQ_NUM	T_SSRaaFASTC	ETA_NUM,SEQ_NUM
T_SSRaaFH	ETA_NUM,RHA_NUM	T_SSRaaB	ETA_NUM,RHA_NUM
T_SSRaaFHSTC	ETA_NUM,SEQ_NUM	T_SSRaaFASTC	ETA_NUM,SEQ_NUM
T_SSRaaFI	ETA_NUM,RHA_NUM	T_SSRaaB	ETA_NUM,RHA_NUM
T_SSRaaFL	ETA_NUM,RHA_NUM	T_SSRaaB	ETA_NUM,RHA_NUM
T_SSRaaFLSTC	ETA_NUM,SEQ_NUM	T_SSRaaFASTC	ETA_NUM,SEQ_NUM
T_SSRaaFM	ETA_NUM,RHA_NUM	T_SSRaaB	ETA_NUM,RHA_NUM
T_SSRaaFMSTC	ETA_NUM,SEQ_NUM	T_SSRaaFASTC	ETA_NUM,SEQ_NUM
T_SSRaaFP	ETA_NUM,RHA_NUM	T_SSRaaB	ETA_NUM,RHA_NUM
T_SSRaaFPSTC	ETA_NUM,SEQ_NUM	T_SSRaaFASTC	ETA_NUM,SEQ_NUM
T_SSRaaGHJ	ETA_NUM,RHA_NUM	T_SSRaaB	ETA_NUM,RHA_NUM
T_SSRaaGME	ETA_NUM,RHA_NUM	T_SSRaaB	ETA_NUM,RHA_NUM
T_SSRaaLEG	ETA_NUM,RHA_NUM,RHS_NUM	T_SSRaaB	ETA_NUM,RHA_NUM,RHS_NUM
T_SSRaaMED	ETA_NUM,RHA_NUM,RHS_NUM	T_SSRaaB	ETA_NUM,RHA_NUM,RHS_NUM
T_SSRaaMEDAPAC	ETA_NUM,RHA_NUM,RHS_NUM	T_SSRaaB	ETA_NUM,RHA_NUM,RHS_NUM
T_SSRaaMEDATU	ETA_NUM,RHA_NUM,RHS_NUM	T_SSRaaB	ETA_NUM,RHA_NUM,RHS_NUM
T_SSRaaMEDSMR	ETA_NUM,RHA_NUM,RHS_NUM	T_SSRaaB	ETA_NUM,RHA_NUM,RHS_NUM
T_SSRaaS	ETA_NUM,RHA_NUM	T_SSRaaB	ETA_NUM,RHA_NUM
T_SSRaaSTC	ETA_NUM,RHA_NUM	T_SSRaaB	ETA_NUM,RHA_NUM
T_SSRaaSUP_DSC	ETA_NUM	T_SSRaaE	ETA_NUM
T_SSRaaSUP_IUM	ETA_NUM	T_SSRaaE	ETA_NUM
T_SSRaaSUP_TIE	ETA_NUM	T_SSRaaE	ETA_NUM
T_SSRaaSUP_VAC	ETA_NUM	T_SSRaaE	ETA_NUM
T_SSRaaTRPT	ETA_NUM,RHA_NUM,RHS_NUM	T_SSRaaB	ETA_NUM,RHA_NUM,RHS_NUM
T_SSRaaVALO	ETA_NUM,RHA_NUM,RHS_NUM	T_SSRaaB	ETA_NUM,RHA_NUM,RHS_NUM
DE_DEP_F	BEN_NIR_ANO	IR_BEN_R	BEN_NIR_ANO
IR_ACS_R	BEN_NIR_PSA,BEN_RNG_GEM	IR_BEN_R	BEN_NIR_PSA,BEN_RNG_GEM
IR_ESM_R	BEN_NIR_PSA,BEN_RNG_GEM	IR_BEN_R	BEN_NIR_PSA,BEN_RNG_GEM
IR_ETM_R	BEN_NIR_PSA,BEN_RNG_GEM	IR_BEN_R	BEN_NIR_PSA,BEN_RNG_GEM
IR_IMB_R	BEN_NIR_PSA,BEN_RNG_GEM	IR_BEN_R	BEN_NIR_PSA,BEN_RNG_GEM
IR_MAT_R	BEN_NIR_PSA,BEN_RNG_GEM	IR_BEN_R	BEN_NIR_PSA,BEN_RNG_GEM
IR_MTT_R	BEN_NIR_PSA,BEN_RNG_GEM	IR_BEN_R	BEN_NIR_PSA,BEN_RNG_GEM
IR_ORC_R	BEN_NIR_PSA,BEN_RNG_GEM	IR_BEN_R	BEN_NIR_PSA,BEN_RNG_GEM
IR_VAC_F	BEN_NIR_PSA	IR_BEN_R	BEN_NIR_PSA
