dossier	nomenclature	libelle	colonnes	colonne_code	colonne_libelle	taille_ko	valeurs_embarquees
ORAREF	CSARR	Catalogue spécifique des actes de rééducation et réadaptaion (prise en charge SSR)	csarr_code,libelle,gestes_complementaires,modulateurs	csarr_code	libelle	73	non
ORAREF	IR_ACT_COD	Lettre clé du Code Ngap	ACT_COD,ACT_COD_LIB	ACT_COD	ACT_COD_LIB	17	oui
ORAREF	IR_BIO_R	Nomenclature des actes médicales de biologie	BIO_PRS_IDE,BIO_INF_LIB,BIO_CRE_DAT,BIO_SUP_DAT,BIO_ARB_CHA,BIO_ARB_SC1,BIO_ARB_SC2,BIO_ARB_SC3,BIO_ARB_SC4,BIO_ARB_BAS,BIO_PHY_GRP,BIO_GRP_LIB,BIO_HIS_DTD,BIO_HIS_DTF,BIO_ENP_TOP,BIO_TUX_TOP,BIO_MAX_EXE,BIO_SPE_REG,BIO_MAX_REG,BIO_MED_REF,BIO_RES_TOP,BIO_BIO_INV,BIO_SNG_TOP,BIO_TAR_NAT,BIO_TAR_COF	BIO_PRS_IDE	BIO_INF_LIB	192	non
ORAREF	IR_BTF_R	Nomenclature des coefficients actes affinés en biologie	BTF_PRS_IDE,BTF_HIS_DTD,BTF_TAR_NAT,BTF_HIS_DTF,BTF_TAR_COF	BTF_PRS_IDE	BTF_HIS_DTD	120	non
ORAREF	IR_BVR_R		VER_TRT_DAT,VER_TRT_NRO,VER_TRT_VRS	VER_TRT_DAT		1	oui
ORAREF	IR_CCP_R		ETB_FIN_NUM,ETB_FIN_CLE,ORG_GRG_COD,ORG_CAI_NUM	ETB_FIN_NUM		33	oui
ORAREF	IR_CMA_R		GMT_CMA_COD,GMT_CMA_LIB,GMT_CMA_DTD,GMT_CMA_DTF	GMT_CMA_COD	GMT_CMA_LIB	1	oui
ORAREF	IR_EPH_R		EPH_COD,EPH_LIB	EPH_COD	EPH_LIB	39	oui
ORAREF	IR_FLP_R		FLX_DIS_DTD,FLX_EMT_TYP,FLX_EMT_NUM,FLX_ANN_MOI,FLX_DTE_ANN,FLX_DTE_MOI	FLX_DIS_DTD		331	non
ORAREF	IR_GMT_R		ETB_GMT_NUM,ETB_GMT_LIB,GMT_SEC_NUM,GMT_CRE_DTE,GMT_FIN_DTE,GMT_DZ1_NBJ,GMT_FZ1_NBJ,GMT_ZF1_TRF,GMT_DZ2_NBJ,GMT_FZ2_NBJ,GMT_ZF2_TRF,GMT_DZ3_NBJ,GMT_FZ3_NBJ,GMT_ZF3_TRF,GMT_ZBA_TRF,GMT_SJC_NBJ,GMT_SJC_CMN,GMT_SZB_TRF,GMT_FZH_NBJ,GMT_SZH_TRF,GMT_SEH_TRF,GMT_FFA_NBJ,GMT_CUM_TOP,GMT_FJH_TOP,GMT_ASU_LST,GMT_SFJ_LST,GMT_MIN_AGE,GMT_MAX_AGE,GMT_CMA_NUM,GMT_DAC_COD,GMT_ARR_DTE,GMT_PJO_DTE,GMT_MAJ_DTE	GMT_DAC_COD	ETB_GMT_LIB	3636	non
ORAREF	IR_HAD_PEC_PAL	Motif de prise en charge principal, HAD	PEC_PAL_COD,PEC_PAL_LIB,MPP,MPA,MPD	PEC_PAL_COD	PEC_PAL_LIB	1	oui
ORAREF	IR_HIS_R		HIS_PRS_IDE,HIS_HIS_DTD,HIS_HIS_DTF,HIS_ENP_TOP,HIS_TUX_TOP,HIS_MAX_EXE,HIS_SPE_REG,HIS_MAX_REG,HIS_MED_REF,HIS_RES_TOP,HIS_BIO_INV,HIS_SNG_TOP	HIS_PRS_IDE	HIS_HIS_DTD	128	non
ORAREF	IR_PHA_R	Référentiel des médicaments (correspondance CIP13, ATC et libellés)	PHA_AGE_DTD,PHA_AGE_MAX,PHA_AGE_MIN,PHA_ATC_C03,PHA_ATC_CLA,PHA_ATC_L03,PHA_ATC_LIB,PHA_CIP_C13,PHA_CIP_UCD,PHA_DAT_OPP,PHA_DER_MAJ,PHA_DOS_UNI,PHA_DTD_ALM,PHA_DTF_ALM,PHA_EPH_CLA,PHA_EPH_LIB,PHA_FRC_COD,PHA_FRC_LIB,PHA_FRM_COD,PHA_FRM_LIB,PHA_GRD_CND,PHA_GRS_DSD,PHA_GRS_NOM,PHA_GRS_NUM,PHA_HDD_SPE,PHA_IND_SUI,PHA_INS_DTD,PHA_INS_DTF,PHA_LAB_NOM,PHA_LIS_IND,PHA_MAX_QTR,PHA_MAX_QTS,PHA_MED_COM,PHA_MED_GEN,PHA_MED_IMG,PHA_MED_NAT,PHA_MED_NOM,PHA_MED_PCP,PHA_MED_PIH,PHA_MED_SEX,PHA_MED_SPE,PHA_MEX_IND,PHA_MTF_VAL,PHA_NOM_PA,PHA_PCP_DTD,PHA_PPC_IND,PHA_PRD_LIB1,PHA_PRD_LIB2,PHA_PRD_UND,PHA_PRD_UNI,PHA_PRE_IND,PHA_PRI_UND,PHA_PRI_UNI,PHA_PRS_IDE,PHA_RGE_C07,PHA_RGE_C13,PHA_SEX_DTD,PHA_SUB_DOS,PHA_TAR_DAT,PHA_TAU_COD,PHA_UPC_NBR	PHA_CIP_C13	PHA_ATC_LIB	14541	non
ORAREF	IR_PTF_R		PHA_CIP_C13,PTF_TAR_DTD,PTF_TAR_DTF,PHA_PRS_IDE,PTF_PRI_UNI,PHA_PRI_UND,PTF_TAU_COD,PHA_DAT_OPP	PHA_CIP_C13	PTF_TAR_DTD	2660	non
ORAREF	IR_PVR_R		NMED_HIS_COD,NMED_CRE_FIC,NMED_PHA_CHR	NMED_HIS_COD		23	oui
ORAREF	IR_TAJ_R		TAJ_CIP_C13,TAJ_CIP_COD,TAJ_AJU_DTD,TAJ_AJU_DTF,TAJ_AJU_TRF	TAJ_CIP_C13	TAJ_AJU_DTD	167	non
ORAREF	NT_ARB_V		CODE_LPP,LPP_LIB,TITRE,CHAPITRE,SECTION,SOUS_SECTION	CODE_LPP	LPP_LIB	2813	non
ORAREF	NT_COM		COM_PRS_IDE,COM_IDE_COM	COM_PRS_IDE		28	oui
ORAREF	NT_DOM		DOM_PRS_IDE,DOM_HIS_DTD,DOM_COD_DOM,DOM_COF_MAJ	DOM_PRS_IDE	DOM_HIS_DTD	20438	non
ORAREF	NT_HIS		LPH_PRS_IDE,LPH_HIS_DTD,LPH_HIS_DTF,LPH_PRS_NAT,LPH_ENP_TOP,LPH_ARR_DAT,LPH_PJO_DAT,LPH_DEV_TOP,LPH_REF_TAR,LPH_MAX_QTE,LPH_MAX_MNT	LPH_PRS_IDE	LPH_HIS_DTD	8911	non
ORAREF	NT_INC		INC_PRS_IDE,INC_IDE_INC	INC_PRS_IDE		201	non
ORAREF	NT_LPP	Liste des produits et prestations	LPP_PRS_IDE,LPP_RED_LIB,LPP_VAL_DTF,LPP_MAX_AGE,LPP_PRS_TYP,LPP_MED_IND,LPP_ARB_CHA,LPP_ARB_SC1,LPP_ARB_SC2,LPP_ARB_SC3,LPP_ARB_SC4,LPP_ARB_SC5,LPP_ARB_SC6,LPP_ARB_SC7,LPP_ARB_SC8,LPP_ARB_SC9,LPP_ARB_BAS,LPP_PRO_COD,LPP_ANC_COD	LPP_PRS_IDE	LPP_RED_LIB	4002	non
ORAREF	NT_RMO		LPR_PRS_IDE,LPR_REF_MED	LPR_PRS_IDE		0	oui
ORAREF	NT_TRA_V		CODE_LPP,TSCODE1,TSLIB1,TSCODE2,TSLIB2,TSCODE3,TSLIB3	CODE_LPP	TSLIB3	2840	non
ORAREF	NT_VER		LPV_TRT_DAT,LPV_TRT_NRO,LPV_FIC_TYP,LPV_MON_TYP	LPV_TRT_DAT		20	oui
ORAREF	NU_CTV_R		UCD_TAU_COD,TVA_COE_DTE,UCD_HIS_DTF,TVA_VAL_COE	UCD_TAU_COD	TVA_COE_DTE	0	oui
ORAREF	NU_CTX_R		UCD_TAU_COD,TAU_VAL_DTE,UCD_HIS_DTF,UCD_REM_TAU	UCD_TAU_COD	TAU_VAL_DTE	0	oui
ORAREF	NU_EMI_R		EMI_TAU_COD,TAU_VAL_DTE,UCD_HIS_DTF	EMI_TAU_COD	TAU_VAL_DTE	0	oui
ORAREF	NU_HCO_R		UCD_UCD_COD,HCO_COU_DTD,UCD_LIS_TOP,HCO_COU_DTF,UCD_DOC_DTE,UCD_DOC_LIB	UCD_UCD_COD	UCD_DOC_LIB	26	oui
ORAREF	NU_HET_R		UCD_UCD_COD,ETB_TOP_DTE,UCD_LIS_TOP,IDE_ETA_TYP,ETB_TOP_DTF,UCD_DOC_DTE,UCD_DOC_LIB	UCD_UCD_COD	UCD_DOC_LIB	271	non
ORAREF	NU_HMA_R		UCD_UCD_COD,UCD_HIS_DTE,UCD_LIS_TOP,CTO_MJR_NUM,CTO_MJR_COE,UCD_DOC_DTE,UCD_DOC_LIB	UCD_UCD_COD	UCD_DOC_LIB	1626	non
ORAREF	NU_HTA_R		UCD_UCD_COD,UCD_HIS_DTE,UCD_LIS_TOP,UCD_HTA_PRI,UCD_TTC_PRI,UCD_FAC_TOP,UCD_MRG_TYP,UCD_MRG_COD,MRG_TTC_MNT,UCD_DOC_DTE,UCD_DOC_LIB	UCD_UCD_COD	UCD_DOC_LIB	1136	non
ORAREF	NU_HTX_R		UCD_UCD_COD,UCD_HIS_DTE,UCD_LIS_TOP,UCD_TAU_COD,UCD_REM_TAU,UCD_DOC_DTE,UCD_DOC_LIB	UCD_UCD_COD	UCD_DOC_LIB	199	non
ORAREF	NU_HVA_R		UCD_UCD_COD,UCD_INS_DTD,UCD_INS_DTF,UCD_LIS_TOP,UCD_DOC_DTE,UCD_DOC_LIB,INS_MTF_LIB	UCD_UCD_COD	UCD_DOC_LIB	378	non
ORAREF	NU_ITE_R		UCD_UCD_COD,UCD_ETA_COD,RSV_HOS_COD,PRE_HOS_COD,PHA_MED_PIH,UCD_SVP_COD,UCD_PSP_TOP,UCD_SPE_LIB,UCD_RCP_LI1,UCD_RCP_LI2,UCD_RCP_LI3,PHA_FRM_COD,PHA_FRM_LIB,PHA_FRC_COD,PHA_FRC_LIB,PHA_SUB_DOS,PHA_DOS_UNI,UCD_VOI_ADM,PHA_ATC_CLA,PHA_ATC_LIB,PHA_EPH_COD,PHA_EPH_LIB,UCD_INS_DTD,UCD_INS_DTF,UCD_LIS_TOP,INS_MTF_LIB	UCD_UCD_COD	UCD_SPE_LIB	800	non
ORAREF	NU_MPO_R		MRG_HTA_COD,MPO_DAT_DTD,UCD_HIS_DTF,MRG_HTA_PRC	MRG_HTA_COD	MPO_DAT_DTD	0	oui
ORAREF	NU_MTT_R		MRG_TTC_MNT,MRG_PRC_DTE,UCD_HIS_DTF	MRG_TTC_MNT	MRG_PRC_DTE	0	oui
ORAREF	NU_NPR_R		UCD_TAU_COD,PRS_TAU_DTE,UCD_HIS_DTF,NPR_PRS_NAT	UCD_TAU_COD	PRS_TAU_DTE	0	oui
ORAREF	NU_SIG_T		CHG_FIC_DTE,UCD_UCD_COD,TMP_TYP_ENR,TMP_RUB_ENR,TMP_SEQ_ENR,UCD_CHP_NOM,UCD_NTE_DAT,UCD_CTL_TBL	UCD_UCD_COD	UCD_CHP_NOM	300	non
ORAREF	NU_UCD_R	Unité Commune de Dispensation, médicaments rares en hospitalier, (codes cip7)	UCD_UCD_COD,UCD_PCD_COD,UCD_SVT_COD,UCD_INS_TOP,UCD_LAB_NOM,UCD_DOC_DTE,UCD_DOC_LIB,UCD_DER_MAJ,UCD_DSN_LIB,UCD_CND_LIB,UCD_OBS_LIB	UCD_UCD_COD	UCD_CND_LIB	265	non
ORAREF	NU_VER_R		VER_NUM,CRE_FIC_DTE,CHG_FIC_DTE,UCD_ENT_NBR	VER_NUM	CRE_FIC_DTE	0	oui
ORAREF	XC_AAE_CSP_C		AAE_COD,AAE_DTM,CSP_COD	AAE_COD	AAE_DTM	4733	non
ORAREF	XC_AAE_EXT_C		AAE_COD,EXT_COD	AAE_COD		0	oui
ORAREF	XC_AAE_R		AAE_COD,AAE_DTM,ACT_COD,ACT_DTM,ATE_COD,ACT_RGP_COD,ACT_MED_CAT	AAE_COD	AAE_DTM	9309	non
ORAREF	XC_AAP_DOM_R		AAP_COD,AAP_DTM,DOM_COD,AAP_DOM_MJO	AAP_COD	AAP_DTM	22782	non
ORAREF	XC_AAP_R		AAP_COD,AAP_DTM,AAE_COD,AAE_DTM,OEV_COD,OEV_DTE,MOP_COD,PHA_COD,AAP_SEA_NBR,AAP_COE,AAP_CAB_SUP,AAP_DEN_NBR,AAP_AGE_MIN,AAP_AGE_MAX,AAP_MED_SCR,AAP_PRI	AAP_COD	AAP_DTM	16355	non
ORAREF	XC_ACT_ACT_C		ACT_COD,ACT_DTM,ACT_ICP_COD,ACT_ICP_DTM	ACT_COD	ACT_DTM	4723	non
ORAREF	XC_ACT_ASS_C		ACT_COD,ASS_COD	ACT_COD		364	non
ORAREF	XC_ACT_CGE_C		ACT_COD,CGE_COD	ACT_COD		83	non
ORAREF	XC_ACT_CMU_C		ACT_CMU_FFT,ACT_COD,ACT_CMU_DTM	ACT_COD	ACT_CMU_DTM	29	oui
ORAREF	XC_ACT_CSP_C		ACT_COD,ACT_DTMF,CSP_COD	ACT_COD	ACT_DTMF	2888	non
ORAREF	XC_ACT_DEN_C		AAP_COD,DEN_NUM	AAP_COD		204	non
ORAREF	XC_ACT_ETM_R		ACT_COD,ACT_DTM,ETM_COD	ACT_COD	ACT_DTM	2598	non
ORAREF	XC_ACT_FFT_C		ACT_COD,ACT_FFT_DTM,FFT_COD	ACT_COD	ACT_FFT_DTM	44	oui
ORAREF	XC_ACT_R		ACT_COD,ACT_DTM,RCA_COD,DEP_COD,REM_COD,TYP_COD,ACT_STR_COD,ACT_LIB_CRT,ACT_LIB_LNG,ACT_SEX_COD,ACT_CRE_DTE,ACT_DTF,ACT_ENT_TOP,ACT_EFF_DTE,ACT_ART_DTE,ACT_OFI_DTE,ACT_ARB_ORD,ACT_PDT_COD,ACT_SVT_COD	ACT_COD	ACT_LIB_LNG	23259	non
ORAREF	XC_ANP_R		ANP_COD,ANP_DTD,ANP_LIB,ANP_COE,ANP_DTF,TRF_GRI	ANP_COD	ANP_LIB	9	oui
ORAREF	XC_APF_R		FFT_COD,APF_PRS_COD,APF_DTD,APF_DTF	FFT_COD	APF_DTD	0	oui
ORAREF	XC_ATE_V	Activité associée à l'acte médical	ATE_COD,ATE_LIB	ATE_COD	ATE_LIB	0	oui
ORAREF	XC_CGE_V		CGE_COD,CGE_LIB	CGE_COD	CGE_LIB	0	oui
ORAREF	XC_CMD_V		CMD_COD,CMD_LIB	CMD_COD	CMD_LIB	0	oui
ORAREF	XC_COE_MDF_C		COD_MDF,COE_MDF_DTD,COE_MDF_LIB,COE_VAL,FFT_NUM,COE_MDF_DTF,TRF_GRI	COD_MDF	COE_MDF_LIB	59	non
ORAREF	XC_CSP_V		CSP_COD,CSP_LIB	CSP_COD	CSP_LIB	0	oui
ORAREF	XC_CTB_V		CTB_COD,CTB_LIB	CTB_COD	CTB_LIB	0	oui
ORAREF	XC_CTP_V		CTP_COD,CTP_LIB	CTP_COD	CTP_LIB	2	oui
ORAREF	XC_DEN_V		DEN_NUM,DEN_LIB	DEN_NUM	DEN_LIB	0	oui
ORAREF	XC_DEP_V		DEP_COD,DEP_LIB	DEP_COD	DEP_LIB	0	oui
ORAREF	XC_ETM_R		ETM_DTD,ETM_MTP_SEU,ETM_ANT_SEU,ETM_REU_SEU,ETM_GUY_SEU,ETM_DTF	ETM_DTD		0	oui
ORAREF	XC_ETM_V		ETM_COD,ETM_LIB	ETM_COD	ETM_LIB	0	oui
ORAREF	XC_EXT_V		EXT_COD,EXT_LIB	EXT_COD	EXT_LIB	0	oui
ORAREF	XC_FCC_R		ACT_CMU_FFT,CMU_COD,FCC_DTD,FCC_INC,FCC_DTF	CMU_COD	FCC_DTD	6	oui
ORAREF	XC_FFT_V		FFT_CODI,FFT_LIB	FFT_CODI	FFT_LIB	0	oui
ORAREF	XC_JFE_CAI_C		CAI_COD,JFE_CAI_DTD,JFE_COD,JFE_CAI_DTF,JFE_TYP	CAI_COD	JFE_CAI_DTD	19	oui
ORAREF	XC_LDE_R		LDE_COD,LDE_DTD,LDE_DTF	LDE_COD	LDE_DTD	1	oui
ORAREF	XC_MAA_R		AAE_COD,AAE_DTM,MDF_COD	AAE_COD	AAE_DTM	15403	non
ORAREF	XC_MCR_R		AAE_COD,AAE_DTM,AAE_AAE_ASS,AAE_AAE_DTM,MCR_COD	AAE_COD	AAE_DTM	28920	non
ORAREF	XC_MDF_MDF_C		MDF_COD,MDF_COD_CMP,MDF_CMP_DTD,MDF_CMP_DTF	MDF_COD	MDF_CMP_DTD	15	oui
ORAREF	XC_MOP_R		MOP_COD,MOP_LIB	MOP_COD	MOP_LIB	0	oui
ORAREF	XC_MSI_R		AAP_COD,MSI_ICR,MSI_CLA	AAP_COD		206	non
ORAREF	XC_NOT_ACT_C		ACT_COD,ACT_DTM,NOT_ORD_NUM,NOT_TYP_COD,NOT_TXT,REV_COD	ACT_COD	NOT_TXT	6389	non
ORAREF	XC_NOT_R		NOT_TYP_COD,NOT_TYP_LIB	NOT_TYP_COD	NOT_TYP_LIB	0	oui
ORAREF	XC_PDR_ACT_C		ACT_COD,ACT_DTM,PDR_COD,PDR_DTMF	ACT_COD	ACT_DTM	660	non
ORAREF	XC_PHA_V	Phase de traitement de l'acte médical	PHA_COD,PHA_LIB	PHA_COD	PHA_LIB	0	oui
ORAREF	XC_PUB_R		PUB_AAP,PUB_DTM,TRF_GRI,PUB_PRX	PUB_AAP	PUB_DTM	35941	non
ORAREF	XC_RCA_R		RCA_COD,RCA_RNG,RCA_LIB,RCA_PER_COD	RCA_COD	RCA_LIB	97	non
ORAREF	XC_REM_V		REM_COD,REM_LIB	REM_COD	REM_LIB	0	oui
ORAREF	XC_RGP_V		RGP_COD,RGP_LIB	RGP_COD	RGP_LIB	1	oui
ORAREF	XC_RTF_R		RTF_COD,RTF_DTD,RTF_LIB,RTF_COE,RTF_DTF,TRF_GRI	RTF_COD	RTF_LIB	1	oui
ORAREF	XC_TLC_R		PRS_NAT,TLC_DTD,TLC_DTF,TLC_TOP	PRS_NAT	TLC_DTD	1	oui
ORAREF	XC_TRF_CTX_C		CTP_COD,CTB_COD,TRF_GRI,TRF_CTX_DTD,TRF_CTX_DTF	CTP_COD	TRF_CTX_DTD	19	oui
ORAREF	XC_TRF_R		TRF_GRI,TRF_LIB,TRF_DEF	TRF_GRI	TRF_LIB	0	oui
ORAREF	XC_TYP_R		COD_TYPE,LIBELLE	COD_TYPE	LIBELLE	0	oui
ORAVAL	AT_1IJ_V	Indicateur premier règlement de l'AT	SIN_1IJ_IND,SIN_1IJ_LIB,TEC_COL	SIN_1IJ_IND	SIN_1IJ_LIB	0	oui
ORAVAL	AT_AAT_V	Nature de l'arrêt de travail	AAT_NAT_COD,AAT_NAT_LIB,TEC_COL	AAT_NAT_COD	AAT_NAT_LIB	0	oui
ORAVAL	AT_ACC_V	Accord personne accompagnante	CUR_ACC_TOP,CUR_ACC_LIB,TEC_COL	CUR_ACC_TOP	CUR_ACC_LIB	0	oui
ORAVAL	AT_AGE_COU_C	actes de gestion et types de courrier associés	AGE_COD,COU_COD	AGE_COD		34	oui
ORAVAL	AT_AGE_V	actes de gestion ( MAJ à contrôler, parmi 58 tables Orphée)	AGE_COD,AGE_LIB,TEC_COL	AGE_COD	AGE_LIB	61	non
ORAVAL	AT_ALI_V	code Alinéa : regroupement des codes natures AT	ATT_ALI_COD,ATT_ALI_LIB,TEC_COL	ATT_ALI_COD	ATT_ALI_LIB	0	oui
ORAVAL	AT_AMA_V	Agent matériel de la déviation 1 & 2	AMA_DVI_COD,AMA_DVI_LIB,TEC_COL	AMA_DVI_COD	AMA_DVI_LIB	15	oui
ORAVAL	AT_AMD_V		AMD_DVI_COD,AMD_DVI_LIB,TEC_COL	AMD_DVI_COD	AMD_DVI_LIB	0	oui
ORAVAL	AT_ANC_V	Ancienneté de l accidenté lors de l  AT	VIC_ANC_COD,VIC_ANC_LIB,TEC_COL	VIC_ANC_COD	VIC_ANC_LIB	0	oui
ORAVAL	AT_APP_V	nature de l'appareillage	APP_APP_COD,APP_APP_LIB,TEC_COL	APP_APP_COD	APP_APP_LIB	0	oui
ORAVAL	AT_ASP_V	Activité spécifique	ASP_APS_COD,ASP_APS_LIB,TEC_COL	ASP_APS_COD	ASP_APS_LIB	2	oui
ORAVAL	AT_ATP_V	Profession de la victime d'un AT (version 212 SGE)	ATP_COD_PRF,ATP_LIB_PRF,TEC_COL	ATP_COD_PRF	ATP_LIB_PRF	2	oui
ORAVAL	AT_ATY_V	TOP employeur atypique	EMP_ATY_TOP,EMP_ATY_LIB,TEC_COL	EMP_ATY_TOP	EMP_ATY_LIB	0	oui
ORAVAL	AT_AVI_V	nature décision avis	AVI_NAT_DEC,AVI_NAT_LIB,TEC_COL	AVI_NAT_DEC	AVI_NAT_LIB	0	oui
ORAVAL	AT_BAT_V	code Batellerie	SEE_BAT_FOR,BAT_FOR_LIB,BAT_GRP_COD,TEC_COL	SEE_BAT_FOR	BAT_FOR_LIB	0	oui
ORAVAL	AT_BDO_V	TOP création BDO	VIC_BDO_TOP,VIC_BDO_LIB,TEC_COL	VIC_BDO_TOP	VIC_BDO_LIB	0	oui
ORAVAL	AT_BEN_V	TOP AT bénin	SIN_TOP_BEN,SIN_TOP_LIB,TEC_COL	SIN_TOP_BEN	SIN_TOP_LIB	0	oui
ORAVAL	AT_BUR_V	code Bureau	SEE_BUR_NUM,SEE_BUR_LIB,TEC_COL	SEE_BUR_NUM	SEE_BUR_LIB	0	oui
ORAVAL	AT_BUT_V	Butoirs de Tarification	SEE_TRF_BUT,BUT_TAR_LIB,TEC_COL	SEE_TRF_BUT	BUT_TAR_LIB	0	oui
ORAVAL	AT_CAR_V	CARSAT  ( version 11 Orphée)	EMP_CAR_SAT,EMP_CNA_COD,EMP_CAR_LIB,TEC_COL	EMP_CAR_SAT	EMP_CAR_LIB	0	oui
ORAVAL	AT_CAT_V	Catégorie de Tarification	SEE_TRF_CAT,SEE_CAT_LIB,TEC_COL	SEE_TRF_CAT	SEE_CAT_LIB	0	oui
ORAVAL	AT_CAU_V	MP - agent CAUsal	SIN_CAU_AGT,SIN_CAU_LIB,TEC_COL	SIN_CAU_AGT	SIN_CAU_LIB	199	non
ORAVAL	AT_CHS_V	code présence d un CHSCT	ETA_CHT_COD,ETA_CHT_LIB,TEC_COL	ETA_CHT_COD	ETA_CHT_LIB	0	oui
ORAVAL	AT_CIJ_V	Classes du nombre de jours d IJ	JIJ_CLA_COD,JIJ_CLA_LIB,TEC_COL	JIJ_CLA_COD	JIJ_CLA_LIB	0	oui
ORAVAL	AT_CJU_V	Contestation juridique ( Eurydice )	CON_JUR_SAI,CON_JUR_LIB,TEC_COL	CON_JUR_SAI	CON_JUR_LIB	0	oui
ORAVAL	AT_CMI_V	TOP lien CM	LES_CMI_TOP,LES_CMI_LIB,TEC_COL	LES_CMI_TOP	LES_CMI_LIB	0	oui
ORAVAL	AT_CNT_V	Contexte des lésions	CNT_LES_COD,CNT_LES_LIB,TEC_COL	CNT_LES_COD	CNT_LES_LIB	0	oui
ORAVAL	AT_CON_V	type de contestation (juridiction). ( Orphée  V11)	CTX_TYP_CTN,CTX_TYP_LIB,TEC_COL	CTX_TYP_CTN	CTX_TYP_LIB	0	oui
ORAVAL	AT_COU_V	types de courrier associé	COU_COD,COU_LIB,TEC_COL	COU_COD	COU_LIB	44	oui
ORAVAL	AT_CPD_V	MP - Catégorie De Produit	SIN_CAT_PRD,PDT_CAT_LIB,TEC_COL	SIN_CAT_PRD	PDT_CAT_LIB	4	oui
ORAVAL	AT_CRE_V	Code de reconnaissance MP	RAT_MPL_ALI,RAT_MLP_LIB,TEC_COL	RAT_MPL_ALI	RAT_MLP_LIB	0	oui
ORAVAL	AT_CTN_V	code CTN	SEE_CTN_NUM,SEE_CTN_LIB,TEC_COL	SEE_CTN_NUM	SEE_CTN_LIB	0	oui
ORAVAL	AT_CTS_V	nature de la décision de contestation	CTX_NAT_DEC,CTX_NAT_LIB,TEC_COL	CTX_NAT_DEC	CTX_NAT_LIB	0	oui
ORAVAL	AT_DAT_V	IDAT (O/N)  TOP DAT	SIN_INT_DAT,SIN_INT_LIB,TEC_COL	SIN_INT_DAT	SIN_INT_LIB	0	oui
ORAVAL	AT_DCD_V	indicateur de Décès consécutif au sinistre	SIN_DCD_IND,DCD_LIB,TEC_COL	SIN_DCD_IND	DCD_LIB	0	oui
ORAVAL	AT_DEC_V	décision recours contre tiers ( code alpha ) ( version 11 Orphée)	SIN_DEC_RCT,RCT_DEC_LIB,TEC_COL	SIN_DEC_RCT	RCT_DEC_LIB	0	oui
ORAVAL	AT_DEX_V	code Durée d Exposition	SIN_EXP_DUR,SIN_EXP_LIB,TEC_COL	SIN_EXP_DUR	SIN_EXP_LIB	0	oui
ORAVAL	AT_DMF_V	nature de la Décision Médicale Finale	DMF_DEC_COD,DMF_DEC_PGS,TEC_COL	DMF_DEC_COD	DMF_DEC_PGS	0	oui
ORAVAL	AT_DMT_V	Discipline Médico-Tarifaire	HOS_DMT_COD,HOS_DMT_LIB,TEC_COL	HOS_DMT_COD	HOS_DMT_LIB	16	oui
ORAVAL	AT_DOS_V	état du dossier ( code alpha )  ( version 11 Orphée)	SIN_ETA_MAT,SIN_ETA_LIB,TEC_COL	SIN_ETA_MAT	SIN_ETA_LIB	0	oui
ORAVAL	AT_DPS_V	Détail de la pièce saisie	REV_IPR_DET,RAT_IPR_LIB,TEC_COL	REV_IPR_DET	RAT_IPR_LIB	0	oui
ORAVAL	AT_DPT_V	département  ( version 11 Orphée)	DPT_COD,DPT_LIB,TEC_COL	DPT_COD	DPT_LIB	1	oui
ORAVAL	AT_DTA_V	TOP DAT tardive (O/N)	SIN_OLD_DAT,SIN_OLD_LIB,TEC_COL	SIN_OLD_DAT	SIN_OLD_LIB	0	oui
ORAVAL	AT_DVI_V	Déviation	DVI_LES_COD,DVI_LES_LIB,TEC_COL	DVI_LES_COD	DVI_LES_LIB	3	oui
ORAVAL	AT_EDO_V	Etat du Dossier  ( code numérique ) ( Eurydice )	RAT_DOS_ETA,DOS_ETA_LIB,TEC_COL	RAT_DOS_ETA	DOS_ETA_LIB	0	oui
ORAVAL	AT_ELD_V	Elément matériel  Détaillé   ou précis	ATT_ELE_MAT,ATT_ELD_MAT,ATT_ELP_MAT,ATT_ELD_LIB,TEC_COL	ATT_ELE_MAT	ATT_ELD_LIB	23	oui
ORAVAL	AT_ELM_V	Elément Matériel principal	ATT_ELE_MAT,ATT_ELE_LIB,ATT_ELE_LBC,TEC_COL	ATT_ELE_MAT	ATT_ELE_LIB	3	oui
ORAVAL	AT_EMP_V	Gestion par employeur	EMP_EMP_GES,EMP_EMP_LIB,TEC_COL	EMP_EMP_GES	EMP_EMP_LIB	0	oui
ORAVAL	AT_EPI_V	nature de l Episode	EPI_NAT_COD,EPI_NAT_LIB,TEC_COL	EPI_NAT_COD	EPI_NAT_LIB	0	oui
ORAVAL	AT_FAT_V	Famille des AT	FAT_FAM_COD,FAT_FAM_LIB,TEC_COL	FAT_FAM_COD	FAT_FAM_LIB	1	oui
ORAVAL	AT_FJU_V	Formes juridiques	ETB_FJU_COD,ETB_FJU_LBC,ETB_FJU_LIB,TEC_COL	ETB_FJU_COD	ETB_FJU_LIB	13	oui
ORAVAL	AT_HIS_V	Reprise d'historique (Import)	SIN_HIS_REP,SIN_HIS_LIB,TEC_COL	SIN_HIS_REP	SIN_HIS_LIB	0	oui
ORAVAL	AT_HOS_V	TOP Hospitalisation	CUR_TOP_HOS,CUR_TOP_LIB,TEC_COL	CUR_TOP_HOS	CUR_TOP_LIB	0	oui
ORAVAL	AT_HRE_V	Heure de l accident	SIN_ATT_HRE,ATT_HRE_LIB,TEC_COL	SIN_ATT_HRE	ATT_HRE_LIB	0	oui
ORAVAL	AT_IPR_V	Regroupements des taux d IPP - DM ATMP	TA3_RGP_COD,TA3_RGP_LIB,TEC_COL	TA3_RGP_COD	TA3_RGP_LIB	0	oui
ORAVAL	AT_IRT_V	Indicateur Rente / indemnité en capital	PCE_RIC_IND,RIC_IND_LIB,TEC_COL	PCE_RIC_IND	RIC_IND_LIB	0	oui
ORAVAL	AT_ITI_V	Indicateur ITI (Indemnité Temporaire d'Inaptitude)	RAT_ITI_IND,RAT_ITI_LIB,TEC_COL	RAT_ITI_IND	RAT_ITI_LIB	0	oui
ORAVAL	AT_IVA_V	Indicateur de Validation ( AT ou section )	SEE_COR_COD,SEE_COR_LIB,TEC_COL	SEE_COR_COD	SEE_COR_LIB	0	oui
ORAVAL	AT_JIJ_V	nb de Jours IJ avec tranche	JIJ_NBR_COD,JIJ_CLA_COD,JIJ_NBR_LIB,TEC_COL	JIJ_NBR_COD	JIJ_NBR_LIB	105	non
ORAVAL	AT_JOU_V	Jours  - DM ATMP	SIN_ATT_JOU,ATT_JOU_LIB,TEC_COL	SIN_ATT_JOU	ATT_JOU_LIB	0	oui
ORAVAL	AT_LAT_V	Code lieu	ATP_COD_PRF,ATP_LIB_PRF,TEC_COL	ATP_COD_PRF	ATP_LIB_PRF	0	oui
ORAVAL	AT_LES_V	nature de la lésion ( version 11 Orphée) en CHAR(10)	LES_NAT_COD,LES_NAT_LIB,TEC_COL	LES_NAT_COD	LES_NAT_LIB	1	oui
ORAVAL	AT_LIC_V	Reclassement ou licenciement	ITI_REC_LIC,ITI_REC_LIB,TEC_COL	ITI_REC_LIC	ITI_REC_LIB	0	oui
ORAVAL	AT_LIE_V	Lieu de l accident	SIN_LIE_COD,SIN_LIE_LIB,TEC_COL	SIN_LIE_COD	SIN_LIE_LIB	0	oui
ORAVAL	AT_LSN_V	Nature des lésions (version 212 SGE)  en CHAR(3)	LSN_LES_COD,LSN_LES_LIB,TEC_COL	LSN_LES_COD	LSN_LES_LIB	1	oui
ORAVAL	AT_MAM_V	Code motif alineas MP	ATM_MTF_COD,ATM_MTF_LIB,TEC_COL	ATM_MTF_COD	ATM_MTF_LIB	0	oui
ORAVAL	AT_MDL_V	Contact ou modalité de la blessure	MDL_BLE_COD,MDL_BLE_LIB,TEC_COL	MDL_BLE_COD	MDL_BLE_LIB	3	oui
ORAVAL	AT_MET_V	profession en AT et MP ( version 11 Orphée) en CHAR(10) ( MAJ à contrôler, parmi 58 tables Orphée)	SIN_ACT_COD,SIN_ACT_LIB,SIN_ACT_TYP,TEC_COL	SIN_ACT_COD	SIN_ACT_LIB	45	oui
ORAVAL	AT_MLP_V	numéro de MP tableau - numéro de MP  bis ter -syndrome localisation - syndrome code pathologie	SIN_MLP_TAB,SIN_MLP_BTR,SIN_SYN_LOP,SIN_SYN_PAT,SIN_MLP_LIB,TEC_COL	SIN_MLP_TAB	SIN_MLP_LIB	59	non
ORAVAL	AT_MLT_V	numéro de MP tableau - numéro de MP  bis ter	SIN_MLP_TAB,SIN_MLP_BTR,MLP_TAB_LIB,MLP_TAB_LBC,TEC_COL	SIN_MLP_TAB	MLP_TAB_LIB	18	oui
ORAVAL	AT_MOD_V	Mode de tarification de la section	SEE_TRF_MOD,SEE_MOD_LIB,TEC_COL	SEE_TRF_MOD	SEE_MOD_LIB	0	oui
ORAVAL	AT_MOI_V	Mois - DM ATMP	ATT_MOI,ATT_MOI_LIB,TEC_COL	ATT_MOI	ATT_MOI_LIB	0	oui
ORAVAL	AT_MOT_V	motif de la contestation	CTX_MOT_CTN,CTX_MOT_LIB,TEC_COL	CTX_MOT_CTN	CTX_MOT_LIB	0	oui
ORAVAL	AT_MPP_V	Profession de la victime d'une MP (version 212 SGE)	MPP_COD_PRF,MPP_LIB_PRF,TEC_COL	MPP_COD_PRF	MPP_LIB_PRF	21	oui
ORAVAL	AT_MRC_V	Mode de récupération	RAT_FIE_MOD,RAT_FIE_LIB,TEC_COL	RAT_FIE_MOD	RAT_FIE_LIB	0	oui
ORAVAL	AT_MTP_V	Majoration Tierce Personne	PCE_MAJ_TPE,MAJ_TPE_LIB,TEC_COL	PCE_MAJ_TPE	MAJ_TPE_LIB	0	oui
ORAVAL	AT_MTY_V	TOP codification profession (Ancienne ou nouvelle).	SIN_MET_TYP,SIN_MET_LIB,TEC_COL	SIN_MET_TYP	SIN_MET_LIB	0	oui
ORAVAL	AT_NAB_V	Nature d Assuré Bénéficiaire	BEN_NAT,BEN_NAT_LIB,TEC_COL	BEN_NAT	BEN_NAT_LIB	0	oui
ORAVAL	AT_NAF_V	code NAF	NAF_NAF_COD,NAF_COD_LIB,TEC_COL	NAF_NAF_COD	NAF_COD_LIB	70	non
ORAVAL	AT_NAT_V	code Nationalité	VIC_ATT_NAT,VIC_ATT_OLD,VIC_NAT_LIB,NAT_LIB_OLD,TEC_COL	VIC_ATT_NAT	VIC_NAT_LIB	0	oui
ORAVAL	AT_NCT_V	Code nature élément contesté	CON_ELT_NAT,CON_ELT_LIB,TEC_COL	CON_ELT_NAT	CON_ELT_LIB	0	oui
ORAVAL	AT_NEC_V	code élément contesté	NEC_ELE_COD,NEC_ELE_LIB,TEC_COL	NEC_ELE_COD	NEC_ELE_LIB	0	oui
ORAVAL	AT_NLS_V	Nature des Lésions  en CHAR(2)  ( version 1 )	ATT_LES_NAT,ATT_LES_LIB,TEC_COL	ATT_LES_NAT	ATT_LES_LIB	0	oui
ORAVAL	AT_NNI_V	TOP NIR ou NNP de la victime ( code alpha ) ( version 11 Orphée)	VIC_NNI_NIR,VIC_NNI_LIB,TEC_COL	VIC_NNI_NIR	VIC_NNI_LIB	0	oui
ORAVAL	AT_NNP_V	TOP NIR ou NNP de la victime ( code numérique ) ( version 11 Orphée)	VIC_NIR_NNP,VIC_NIR_LIB,TEC_COL	VIC_NIR_NNP	VIC_NIR_LIB	0	oui
ORAVAL	AT_NOT_V	TOP notification	EMP_NOT_TOP,EMP_NOT_LIB,TEC_COL	EMP_NOT_TOP	EMP_NOT_LIB	0	oui
ORAVAL	AT_NOU_V	TOP codification (ancienne ou nouvelle)	LES_COD_TOP,LES_COD_LIB,TEC_COL	LES_COD_TOP	LES_COD_LIB	0	oui
ORAVAL	AT_NRQ_V	Nature requérant	CON_REQ_NAT,CON_REQ_LIB,TEC_COL	CON_REQ_NAT	CON_REQ_LIB	0	oui
ORAVAL	AT_NSE_V	Nature du cotisant ( section ou autre )	SEE_COT_NAT,COT_NAT_LIB,COT_CGL_COD,TEC_COL	SEE_COT_NAT	COT_NAT_LIB	0	oui
ORAVAL	AT_NTU_V	code Nature de l accident	SIN_NAT_COD,SIN_NAT_LIB,ATT_NAT,TEC_COL	SIN_NAT_COD	SIN_NAT_LIB	0	oui
ORAVAL	AT_OCT_V	origine de la contestation	CTX_ORI_CTN,CTX_ORI_LIB,TEC_COL	CTX_ORI_CTN	CTX_ORI_LIB	0	oui
ORAVAL	AT_ODF_V	origine de la  décision médicale finale	EPI_DMF_ORI,EPI_DMF_LIB,TEC_COL	EPI_DMF_ORI	EPI_DMF_LIB	0	oui
ORAVAL	AT_OMS_V	code pathologie  ( pour MP OMS  ) codes CIM appli AT (limite à 10 600 lignes)	SIN_SYN_PAT,SYN_PAT_LIB,TEC_COL	SIN_SYN_PAT	SYN_PAT_LIB	515	non
ORAVAL	AT_ORC_V	code Origine de Crédit	SEE_CRD_ORI,CRD_ORI_LIB,TEC_COL	SEE_CRD_ORI	CRD_ORI_LIB	0	oui
ORAVAL	AT_PAC_V	TOP personne accompagnante	CUR_TOP_PAC,CUR_TOP_LIB,TEC_COL	CUR_TOP_PAC	CUR_TOP_LIB	0	oui
ORAVAL	AT_PAI_V	groupe de Paiement rente AT (périodicité)	RAT_GRP_PAI,GRP_PAI_LIB,TEC_COL	RAT_GRP_PAI	GRP_PAI_LIB	0	oui
ORAVAL	AT_PAT_V	code Profession de la victime en AT ou trajet  ( Version 1)	VIC_PAT_COD,VIC_PAT_LIB,TEC_COL	VIC_PAT_COD	VIC_PAT_LIB	1	oui
ORAVAL	AT_PAY_V	Code Pays	PAY_COD_LIE,PAY_LIB_LIE,PAY_ABR_LIE,TEC_COL	PAY_COD_LIE		5	oui
ORAVAL	AT_PIE_V	Type de pièce , nature des certificats médicaux	PIE_PIE_TYP,PIE_PIE_LIB,TEC_COL	PIE_PIE_TYP	PIE_PIE_LIB	5	oui
ORAVAL	AT_PMP_V	code Profession de la victime en MP   ( Version 1)	VIC_PMP_COD,VIC_PMP_LIB,TEC_COL	VIC_PMP_COD	VIC_PMP_LIB	17	oui
ORAVAL	AT_PTR_V	Poste de travail	PTR_VIC_COD,PTR_VIC_LIB,TEC_COL	PTR_VIC_COD	PTR_VIC_LIB	0	oui
ORAVAL	AT_QUA_V	Qualification professionnelle	VIC_PRO_QLF,PRO_QLF_LIB,TEC_COL	VIC_PRO_QLF	PRO_QLF_LIB	0	oui
ORAVAL	AT_RCT_V	états du recours contre tiers	SIN_ETA_RCT,RCT_ETA_LIB,TEC_COL	SIN_ETA_RCT	RCT_ETA_LIB	0	oui
ORAVAL	AT_REC_V	TOP envoi courrier (Lettre simple ou RAR)	REC_TOP,REC_LIB,TEC_COL	REC_TOP	REC_LIB	0	oui
ORAVAL	AT_REP_V	Suite repos AS	AAT_TOP_ASS,AAT_TOP_LIB,TEC_COL	AAT_TOP_ASS	AAT_TOP_LIB	0	oui
ORAVAL	AT_REQ_V	nature requérant	ACD_REQ_COD,ACD_REQ_LIB,TEC_COL	ACD_REQ_COD	ACD_REQ_LIB	0	oui
ORAVAL	AT_RNI_V	Rente Non Imputable	PCE_RNI_IND,PCE_RNI_LIB,TEC_COL	PCE_RNI_IND	PCE_RNI_LIB	0	oui
ORAVAL	AT_RSQ_V	numéro de Risque	SEE_RSQ_NUM,SEE_BUR_NUM,SEE_CTN_NUM,ATV_COD_STR,SEE_RSQ_LIB,GRT_ACT_NUM,CTN_COD_FIN,GFI_COD_FIN,CTN_COD_CAL,GFC_NUM_CAL,TOP_TAR_IND,RSQ_BUR_IND,RSQ_BEN_IND,RSQ_DOC_IND,TAU_ECR_RDO,RSQ_CGL_IND,RSQ_ETT_IND,RSQ_SAL_IND,RSQ_EFF_IND,RSQ_HRE_IND,RSQ_COT_IND,RSQ_EFF_NGL,RSQ_BAT_IND,RSQ_EXC_IND,TEC_COL	SEE_RSQ_NUM	SEE_RSQ_LIB	186	non
ORAVAL	AT_RTI_V	code Recours juridique ( Recours contre Tiers ) ( code numérique en CHAR)	SIN_RTI_COD,SIN_RTI_LIB,TEC_COL	SIN_RTI_COD	SIN_RTI_LIB	0	oui
ORAVAL	AT_SAN_V	TOP Sanction (O/N)	SIN_SAN_ETA,SIN_SAN_LIB,TEC_COL	SIN_SAN_ETA	SIN_SAN_LIB	0	oui
ORAVAL	AT_SDO_V	Statut du Dossier	RAT_DOS_STA,DOS_STA_LIB,TEC_COL	RAT_DOS_STA	DOS_STA_LIB	0	oui
ORAVAL	AT_SGE_V	Siège de la lésion (version 212 SGE) en CHAR(2)	SGE_ACT_COD,SGE_ACT_LIB,SGE_RGT_COD,SGE_RGT_LIB,TEC_COL	SGE_ACT_COD	SGE_ACT_LIB	1	oui
ORAVAL	AT_SIE_V	siège de la lésion  ( version 11 Orphée) en CHAR(10)	LES_LES_SIE,LES_SIE_LIB,TEC_COL	LES_LES_SIE	LES_SIE_LIB	1	oui
ORAVAL	AT_SIR_V	top SIRET	EMP_SIR_COD,EMP_SIR_LIB,TEC_COL	EMP_SIR_COD	EMP_SIR_LIB	0	oui
ORAVAL	AT_SLP_V	Siège Principal des Lésions	ATT_LEP_SGE,LES_SGP_LIB,TEC_COL	ATT_LEP_SGE	LES_SGP_LIB	0	oui
ORAVAL	AT_SLS_V	Siège Secondaire des lésions	ATT_LEP_SGE,ATT_LES_SGE,LES_SGE_LIB,TEC_COL	ATT_LEP_SGE	LES_SGE_LIB	0	oui
ORAVAL	AT_SPO_V	Statut professionnel	SPO_STA_OLD,SPO_STA_PRO,SPO_STA_LIB,SPO_LIB_OLD,TEC_COL	SPO_STA_OLD	SPO_STA_LIB	0	oui
ORAVAL	AT_STA_V	Statut de l épisode	EPI_STA,STA_PGS,TEC_COL	EPI_STA	STA_PGS	0	oui
ORAVAL	AT_TAN_V	Type d'Anomalie / Signalement / Rejet ( en AT )	PRS_ANO_COD,RAN_COD,PRS_ANO_LIB,TEC_COL	PRS_ANO_COD	PRS_ANO_LIB	0	oui
ORAVAL	AT_TAR_V	mode de tarification  ( version 11 Orphée)	EMP_MOD_TAR,EMP_MOD_LIB,TEC_COL	EMP_MOD_TAR	EMP_MOD_LIB	0	oui
ORAVAL	AT_TAT_V	Tranche d Age	VIC_ACC_TRA,ACC_TRA_LIB,TEC_COL	VIC_ACC_TRA	ACC_TRA_LIB	0	oui
ORAVAL	AT_TAU_V		TA3_COD,TA3_LIB,TA3_RGP_COD,TEC_COL	TA3_COD	TA3_LIB	1	oui
ORAVAL	AT_TDO_V	Qualité de bénéficiaire	BEN_QLT_RAT,BEN_QLR_LIB,TEC_COL	BEN_QLT_RAT	BEN_QLR_LIB	0	oui
ORAVAL	AT_TEF_V	Tranche d Effectif	TEF_TRA_EFF,TEF_BOR_INF,TEF_BOR_SUP,TEF_TRA_LIB,TEC_COL	TEF_TRA_EFF	TEF_TRA_LIB	0	oui
ORAVAL	AT_TEV_V	Type d  Evènement ( dont Motif de clôture de la rente du bénéficiaire (rachat, décès) )	RAT_SUP_AFF,SUP_MTF_LIB,TEC_COL	RAT_SUP_AFF	SUP_MTF_LIB	1	oui
ORAVAL	AT_THE_V	orientation thérapeutique accordée.	ORI_THE_COD,ORI_THE_LIB,TEC_COL	ORI_THE_COD	ORI_THE_LIB	0	oui
ORAVAL	AT_TLI_V	Type de lieu	TLY_LIE_COD,TLY_LIE_LIB,TEC_COL	TLY_LIE_COD	TLY_LIE_LIB	3	oui
ORAVAL	AT_TPR_V	Type de prestation	RAT_REN_TYP,RAT_REN_LIB,TEC_COL	RAT_REN_TYP	RAT_REN_LIB	0	oui
ORAVAL	AT_TRA_V	mode de transport	CUR_TRT_MOD,CUR_TRT_LIB,TEC_COL	CUR_TRT_MOD	CUR_TRT_LIB	0	oui
ORAVAL	AT_TRE_V	Type de Rente	TRE_TYP_COD,TRE_TYP_LIB,TEC_COL	TRE_TYP_COD	TRE_TYP_LIB	0	oui
ORAVAL	AT_TRI_V	Type de rattachement individu	RAT_BDO_BTI,RAT_BDO_LIB,TEC_COL	RAT_BDO_BTI	RAT_BDO_LIB	0	oui
ORAVAL	AT_TRQ_V	Type de risque	RAT_NAT_COD,RAT_NAT_LIB,TEC_COL	RAT_NAT_COD	RAT_NAT_LIB	0	oui
ORAVAL	AT_TYC_V	Type de Crédit	SEE_CRD_TYP,CRD_TYP_LIB,TEC_COL	SEE_CRD_TYP	CRD_TYP_LIB	0	oui
ORAVAL	AT_URG_V	Notion d'urgence	ENP_NOT_URG,ENP_NOT_LIB,TEC_COL	ENP_NOT_URG	ENP_NOT_LIB	0	oui
ORAVAL	AT_URS_V	code URSSAF	ETA_URS_COD,ETA_URS_LIB,EDI_TOP_COD,URS_DSN_LIB,NOM_VOI_LIB,COD_POS_COD,NOM_VIL_LIB,CEN_RTI_NUM,CEN_RTI_LIB,CRA_COD_NUM,CRA_COD_NU2,INS_DPT_CD1,INS_DPT_CD2,INS_DPT_CD3,INS_DPT_CD4,INS_DPT_CD5,INS_DPT_CD6,INS_DPT_CD7,INS_DPT_CD8,INS_DPT_CD9,TEC_COL	ETA_URS_COD	ETA_URS_LIB	18	oui
ORAVAL	AT_VIL_V	ville de la cure thermale.	CUR_CUR_VIL,CUR_VIL_LIB,TEC_COL	CUR_CUR_VIL	CUR_VIL_LIB	1	oui
ORAVAL	AT_VLI_V	Validité de la DAT	SIN_VAL_COD,SIN_VAL_LIB,SIN_GRP_COD,TEC_COL	SIN_VAL_COD	SIN_VAL_LIB	0	oui
ORAVAL	AT_VSE_V	Validité de la Section	SEE_COT_VAL,COT_VAL_LIB,COT_GRP_COD,TEC_COL	SEE_COT_VAL	COT_VAL_LIB	0	oui
ORAVAL	BC_BSE_V		TYP_BSE_COD,TYP_BSE_LIB	TYP_BSE_COD	TYP_BSE_LIB	0	oui
ORAVAL	BC_TRT_V		TYP_TRT_COD,TYP_TRT_LIB	TYP_TRT_COD	TYP_TRT_LIB	0	oui
ORAVAL	DE_ANA_V		TES_TYP_COD,TES_TYP_LIB,TEC_COL	TES_TYP_COD	TES_TYP_LIB	0	oui
ORAVAL	DE_ETA_V		ETB_CAT_COD,ETB_CAT_LIB,TEC_COL	ETB_CAT_COD	ETB_CAT_LIB	0	oui
ORAVAL	DE_HBG_V		BEN_HBG_COD,BEN_HBG_LIB,TEC_COL	BEN_HBG_COD	BEN_HBG_LIB	0	oui
ORAVAL	DE_RES_V		TES_RES_COD,TES_RES_LIB,TEC_COL	TES_RES_COD	TES_RES_LIB	0	oui
ORAVAL	DE_STA_V		DOS_STA_COD,DOS_STA_LIB,TEC_COL	DOS_STA_COD	DOS_STA_LIB	0	oui
ORAVAL	DE_SYM_V		BEN_SYM_PER,BEN_SYM_LIB,TEC_COL	BEN_SYM_PER	BEN_SYM_LIB	0	oui
ORAVAL	DR_BSE_V		BSE_DRO_COD,BSE_DRO_LIB	BSE_DRO_COD	BSE_DRO_LIB	0	oui
ORAVAL	DR_TYP_V		TYP_TRT_COD,TYP_TRT_LIB	TYP_TRT_COD	TYP_TRT_LIB	0	oui
ORAVAL	DS_ACC_V	Mode d'accouchement	MOD_ACC_COD,MOD_ACC_LIB,TEC_COL	MOD_ACC_COD	MOD_ACC_LIB	0	oui
ORAVAL	DS_ACP_V	Activité professionnelle (actif/inactif/retraité)	PFV_ACP_COD,PFV_ACP_LIB,TEC_COL	PFV_ACP_COD	PFV_ACP_LIB	0	oui
ORAVAL	DS_AGE_V		DCD_NEO_AGE,DCD_NEO_LIB,TEC_COL	DCD_NEO_AGE	DCD_NEO_LIB	0	oui
ORAVAL	DS_APP_V		DCD_IDT_TOP,DCD_TOP_LIB,TEC_COL	DCD_IDT_TOP	DCD_TOP_LIB	0	oui
ORAVAL	DS_ATT_V	Accident du travail (oui/non/sans précision)	DCD_ATT_COD,DCD_ATT_LIB,TEC_COL	DCD_ATT_COD	DCD_ATT_LIB	0	oui
ORAVAL	DS_CAU_V	Recherche de la cause de décès	DCD_CAU_COD,DCD_CAU_LIB,TEC_COL	DCD_CAU_COD	DCD_CAU_LIB	0	oui
ORAVAL	DS_CER_V	Type de certificat de décès (adulte/néonatal)	TYP_CER_COD,TYP_CER_LIB,TEC_COL	TYP_CER_COD	TYP_CER_LIB	0	oui
ORAVAL	DS_CIM_V		DCD_CIM_VER,DCD_CIM_LIB,TEC_COL	DCD_CIM_VER	DCD_CIM_LIB	0	oui
ORAVAL	DS_CIR_V		DCD_CIR_COD,DCD_CIR_LIB,TEC_COL	DCD_CIR_COD	DCD_CIR_LIB	0	oui
ORAVAL	DS_DEB_V	Type de début de travail d'accouchement	ACC_DEB_COD,ACC_DEB_LIB,TEC_COL	ACC_DEB_COD	ACC_DEB_LIB	0	oui
ORAVAL	DS_ENC_V		DCD_ENC_COD,DCD_ENC_LIB,TEC_COL	DCD_ENC_COD	DCD_ENC_LIB	0	oui
ORAVAL	DS_FIA_V		DCD_FIA_COD,DCD_FIA_LIB,TEC_COL	DCD_FIA_COD	DCD_FIA_LIB	0	oui
ORAVAL	DS_GRS_V	Contribution de la grossesse au décès (oui/non/nsp)	DCD_GRS_COD,DCD_GRS_LIB,TEC_COL	DCD_GRS_COD	DCD_GRS_LIB	0	oui
ORAVAL	DS_LIA_V	Lieu d'accouchement	ACC_LIA_COD,ACC_LIA_LIB,TEC_COL	ACC_LIA_COD	ACC_LIA_LIB	0	oui
ORAVAL	DS_LIE_V	Lieu du décès	DCD_LIE_COD,DCD_LIE_LIB,TEC_COL	DCD_LIE_COD	DCD_LIE_LIB	0	oui
ORAVAL	DS_LMV_V		LIE_LMV_COD,LIE_LMV_LIB,TEC_COL	LIE_LMV_COD	LIE_LMV_LIB	0	oui
ORAVAL	DS_MAR_V	Etat matrimonial	ETA_MAR_COD,ETA_MAR_LIB,TEC_COL	ETA_MAR_COD	ETA_MAR_LIB	0	oui
ORAVAL	DS_MSU_V		DCD_MSU_COD,DCD_MSU_LIB,TEC_COL	DCD_MSU_COD	DCD_MSU_LIB	0	oui
ORAVAL	DS_NAI_V	Type de naissance	RNG_NAI_TYP,RNG_NAI_LIB,TEC_COL	RNG_NAI_TYP	RNG_NAI_LIB	0	oui
ORAVAL	DS_NRS_V		DCD_NRS_COD,DCD_NRS_LIB,TEC_COL	DCD_NRS_COD	DCD_NRS_LIB	0	oui
ORAVAL	DS_PC1_V	Catégorie socio-professionnelle	CAT_PC1_CH1,CH1_PC1_LIB,TEC_COL	CAT_PC1_CH1	CH1_PC1_LIB	0	oui
ORAVAL	DS_PC2_V		CAT_PC2_CH2,CH2_PC2_LIB,TEC_COL	CAT_PC2_CH2	CH2_PC2_LIB	1	oui
ORAVAL	DS_PC3_V		CAT_PC3_CH3,CH3_PC3_LIB,TEC_COL	CAT_PC3_CH3	CH3_PC3_LIB	1	oui
ORAVAL	DS_PFS_V	Activité professionnelle du parent	ACT_PFS_COD,ACT_PFS_LIB,TEC_COL	ACT_PFS_COD	ACT_PFS_LIB	0	oui
ORAVAL	DS_PRD_V		CER_PRD_TYP,CER_PRD_LIB	CER_PRD_TYP	CER_PRD_LIB	0	oui
ORAVAL	DS_PST_V	Type de présentation de l'enfant lors de l'accouchement	ACC_PST_COD,ACC_PST_LIB,TEC_COL	ACC_PST_COD	ACC_PST_LIB	0	oui
ORAVAL	DS_SIT_V	Situation de la mère (en couple : oui/non)	MER_SIT_TOP,MER_SIT_LIB,TEC_COL	MER_SIT_TOP	MER_SIT_LIB	0	oui
ORAVAL	DS_STA_V	Statut de traitement du certificat de décès (final/en cours)	TRT_STA_COD,TRT_STA_LIB,TEC_COL	TRT_STA_COD	TRT_STA_LIB	0	oui
ORAVAL	DS_SUP_V	Type de support du certificat de décès (électronique/papier)	CER_SUP_TYP,CER_SUP_LIB,TEC_COL	CER_SUP_TYP	CER_SUP_LIB	0	oui
ORAVAL	DS_TRF_V	Transfert ou hospitalisation particulière de l'enfant (oui/non)	HOS_TRF_TOP,HOS_TRF_LIB,TEC_COL	HOS_TRF_TOP	HOS_TRF_LIB	0	oui
ORAVAL	DS_VER_V	Version du certicat de décès (1997/2017)	CER_VER_NUM,CER_VER_LIB,TEC_COL	CER_VER_NUM	CER_VER_LIB	0	oui
ORAVAL	DS_VOL_V	Volet du certificat de décès (intial/complémentaire)	TYP_VOL_COD,TYP_VOL_LIB,TEC_COL	TYP_VOL_COD	TYP_VOL_LIB	0	oui
ORAVAL	DW_DTC_V	Source de détection ( projet GRECOT )	DTC_SRC_COD,DTC_SRC_LIB,TEC_COL	DTC_SRC_COD	DTC_SRC_LIB	1	oui
ORAVAL	DW_PRO_V	Protocole            ( projet GRECOT )	PRO_COD,PRO_LIB,TEC_COL	PRO_COD	PRO_LIB	0	oui
ORAVAL	DW_RSQ_V	nature de risque     ( projet GRECOT )	RSQ_COD,RSQ_LIB,TEC_COL	RSQ_COD	RSQ_LIB	0	oui
ORAVAL	DW_STA_V	état de statut      ( projet GRECOT )	STA_DTL_COD,STA_DTL_LIB,STA_MTF_COD,STA_MTF_LIB,STA_COD,STA_LIB,TEC_COL	STA_DTL_COD	STA_DTL_LIB	3	oui
ORAVAL	EP_CRG_V		GRG_COD,GRG_LIB,ORG_CAI_NUM,ORG_CAI_LIB	GRG_COD	GRG_LIB	63	non
ORAVAL	FC_BSE_V	FDC Table de conversion des organismes de base	ORG_BSE_OLD,ORG_BSE_NEW,ORG_BSE_ORD	ORG_BSE_OLD		48	oui
ORAVAL	FC_CAI_V	FDC Table de conversion des Caisses  ( table organisme )	ORG_CAI_OLD,ORG_CAI_NEW,ORG_CAI_ORD	ORG_CAI_OLD		1	oui
ORAVAL	FC_ORG_V	FDC Table de conversion des organismes fins	ORG_NUM_OLD,ORG_NUM_NEW,ORG_NUM_ORD	ORG_NUM_OLD		1409	non
ORAVAL	FC_TCL_V	FDC Table des Méthodes de Traitement	TCL_VUE_LIB,TCL_MET_COD,TCL_COL_SRC,TCL_COL_CIB	TCL_VUE_LIB		0	oui
ORAVAL	FC_VEX_V	FDC Table d'exclusion des Vues	VEX_EXL_VUE,VEX_INS_VUE	VEX_EXL_VUE		66	non
ORAVAL	GA_CEN_V	Centre de numérisation et de vidéocodage	CPN_CEN_NUM,CPN_CEN_VID,TEC_COL	CPN_CEN_NUM		0	oui
ORAVAL	GA_EDI_V	Code origine édition	CPN_DOC_EDI,CPN_EDI_LIB,TEC_COL	CPN_DOC_EDI	CPN_EDI_LIB	0	oui
ORAVAL	GA_GBE_V	Genre du bénéficiaire	BEN_GEN_COD,BEN_GEN_LIB,TEC_COL	BEN_GEN_COD	BEN_GEN_LIB	0	oui
ORAVAL	GA_INJ_V	Numéro de coupon d'injection	CPN_INJ_NUM,CPN_INJ_LIB,TEC_COL	CPN_INJ_NUM	CPN_INJ_LIB	0	oui
ORAVAL	GA_TNI_V	Top NIR fictif	BEN_FIC_NIR,BEN_FIC_LIB,TEC_COL	BEN_FIC_NIR	BEN_FIC_LIB	0	oui
ORAVAL	GA_UVA_V	Code usine vaccin	VCC_USI_COD,VCC_USI_LIB,TEC_COL	VCC_USI_COD	VCC_USI_LIB	0	oui
ORAVAL	IR_ACC_V	Indication accident	ACC_PRS_IND,ACC_PRS_LIB,TEC_COL	ACC_PRS_IND	ACC_PRS_LIB	0	oui
ORAVAL	IR_ACH_V	Type d'acheminement des flux	DCT_FLX_ACH,FLX_ACH_LIB,TEC_COL	DCT_FLX_ACH	FLX_ACH_LIB	0	oui
ORAVAL	IR_ACO_V	Codes ACOSS	ORG_ACO_COD,ORG_ACO_LIB,TEC_COL	ORG_ACO_COD	ORG_ACO_LIB	2	oui
ORAVAL	IR_ACT_V	Nature d'Activité (Non Médecins)	PFS_ACT_NAT,PFS_ACT_CAT,ACT_POS,ACT_NAT_LIB,SPE_LIB_SNI,TEC_COL	PFS_ACT_NAT	ACT_NAT_LIB	1	oui
ORAVAL	IR_AFT_V	Type d'Affinage pour Regroupements TANDEM	TDM_NAT_AFF,NAT_AFF_LIB,TEC_COL	TDM_NAT_AFF	NAT_AFF_LIB	0	oui
ORAVAL	IR_AGE_V	Age	AGE_COD,AGE_INS_LIB,AGE_PS5_COD,AGE_SEP_COD,AGE_TRC_SPS,VIC_ACC_TRA,AGE_AMO,LIB_AMO,TEC_COL	AGE_COD	AGE_INS_LIB	5	oui
ORAVAL	IR_ALD_V	Table des codes ALD030	ALD_030_COD,ALD_030_LIB,ALD_DEC_DAT,TEC_COL	ALD_030_COD	ALD_030_LIB	2	oui
ORAVAL	IR_AMA_V	Tranche d'âge	AMA_AGE_COD,AMA_NRS_TOP,AMA_AGE_LIB,TEC_COL	AMA_AGE_COD	AMA_AGE_LIB	2	oui
ORAVAL	IR_ANC_V	Type de remboursement	CPL_ANO_COD,CPL_ANO_LIB,TEC_COL	CPL_ANO_COD	CPL_ANO_LIB	1	oui
ORAVAL	IR_ANN_V	Table des années	DTE_ANN,TEC_COL	DTE_ANN		1	oui
ORAVAL	IR_APS_V	Tranche d'Age PS5	AGE_PS5_COD,AGE_PS5_LIB,TEC_COL	AGE_PS5_COD	AGE_PS5_LIB	0	oui
ORAVAL	IR_ARC_V	Options Archivage	ARC_COD,ARC_LIB,TEC_COL	ARC_COD	ARC_LIB	0	oui
ORAVAL	IR_ASN_V	Tranche d'Age SNIREP	AGE_SEP_COD,AGE_SEP_LIB,TEC_COL	AGE_SEP_COD	AGE_SEP_LIB	0	oui
ORAVAL	IR_ASS_V	Table ASSONP	ASS_ASS_COD,ASS_COD_LIB,TEC_COL	ASS_ASS_COD	ASS_COD_LIB	0	oui
ORAVAL	IR_ASU_V	Nature d'Assurance	ASU_NAT,ASU_NAT_CB2,ASU_NAT_LIB,ASU_GES_TYP,ASU_GES_LIB,TEC_COL	ASU_NAT	ASU_NAT_LIB	0	oui
ORAVAL	IR_ATT_V	Nature d'Accident du Travail	ATT_NAT,ATT_NAT_LIB,TEC_COL	ATT_NAT	ATT_NAT_LIB	0	oui
ORAVAL	IR_BAC_V	Top bénéficiaire ACS	TOP_DRT_COD,TOP_DRT_LIB,TEC_COL	TOP_DRT_COD	TOP_DRT_LIB	0	oui
ORAVAL	IR_BCM_V	Top bénéficiaire CMU C	TOP_BEN_COD,TOP_BEN_LIB,TEC_COL	TOP_BEN_COD	TOP_BEN_LIB	0	oui
ORAVAL	IR_BEN_V	Contexte bénéficiaire	BEN_COD,BEN_LIB,TEC_COL	BEN_COD	BEN_LIB	0	oui
ORAVAL	IR_BEQ_V	Qualité de Bénéficiaire	BEN_QLT_COD,BEN_QLT_LIB,BEN_QLT_RGT,TEC_COL	BEN_QLT_COD	BEN_QLT_LIB	0	oui
ORAVAL	IR_BER_V	Rang Gémellaire Bénéficiaire	BEN_RNG_GEM,BEN_RNG_LIB,TEC_COL	BEN_RNG_GEM	BEN_RNG_LIB	0	oui
ORAVAL	IR_BIO_INT_V		BIO_PRS_IDE	BIO_PRS_IDE		0	oui
ORAVAL	IR_BRA_V	Branche Comptable	CPT_BRA_CHE,BRA_CHE_LIB,TEC_COL	CPT_BRA_CHE	BRA_CHE_LIB	0	oui
ORAVAL	IR_BRG_V	Libellés regroupés BEQ	BEN_QLT_RGT,BEN_QLT_LIB,TEC_COL	BEN_QLT_RGT	BEN_QLT_LIB	0	oui
ORAVAL	IR_C2S_V	Type C2S	BEN_C2S_TYP,BEN_C2S_LIB,TEC_COL	BEN_C2S_TYP	BEN_C2S_LIB	0	oui
ORAVAL	IR_CAC_V	Catégorie d'Activité PS	PFS_ACT_CAT,ACT_CAT_LIB,TEC_COL	PFS_ACT_CAT	ACT_CAT_LIB	0	oui
ORAVAL	IR_CAE_DEP_C	Compatibilité Catégorie PS Exécutant / Qualificatif Dépense	DPN_QLF,PFS_CAT_COD	DPN_QLF		0	oui
ORAVAL	IR_CAF_V		PRS_AFF_TYP,PRS_AFF_LIB,TEC_COL	PRS_AFF_TYP	PRS_AFF_LIB	0	oui
ORAVAL	IR_CAI_V	Caisse - Organisme de base	ORG_BSE_NUM,ORG_CAI_NUM,ORG_CAI_LIB,PIV_CAI_TOP,ORG_CAI_TYP,TEC_COL	ORG_BSE_NUM	ORG_CAI_LIB	105	non
ORAVAL	IR_CAT_V	Catégorie Professionnel de Santé	PFS_CAT_COD,PFS_CAT_LIB,CAT_LIB_SNI,TEC_COL	PFS_CAT_COD	PFS_CAT_LIB	0	oui
ORAVAL	IR_CBI_V	Catégorie de Bénéficiaire (Invalidité et Rentes AT)	BEN_IAT_CAT,IAT_CAT_LIB,TEC_COL	BEN_IAT_CAT	IAT_CAT_LIB	1	oui
ORAVAL	IR_CCA_V	Codes compléments associés	CCA_CPL_COD,CCA_CPL_LIB,TEC_COL	CCA_CPL_COD	CCA_CPL_LIB	0	oui
ORAVAL	IR_CCI_V	Table des catégories de codes CIM	CAT_CIM_COD,CAT_CIM_LIB,TEC_COL	CAT_CIM_COD	CAT_CIM_LIB	113	non
ORAVAL	IR_CE1_V	Regroupement 1 des Catégories d'établissement	ETB_CAT_RG1,ETB_CAT_RG2,ETB_CR1_LIB,TEC_COL	ETB_CAT_RG1	ETB_CR1_LIB	2	oui
ORAVAL	IR_CE2_V	Regroupement 2 des Catégories d'établissement	ETB_CAT_RG2,ETB_CAT_RG3,ETB_CR2_LIB,TEC_COL	ETB_CAT_RG2	ETB_CR2_LIB	0	oui
ORAVAL	IR_CE3_V	Regroupement 3 des Catégories d'établissement	ETB_CAT_RG3,ETB_CR3_LIB,TEC_COL	ETB_CAT_RG3	ETB_CR3_LIB	0	oui
ORAVAL	IR_CEE_V	Table CTI ERSM ELSM	CTI_NUM,LSM_COD,RSM_COD,TEC_COL	LSM_COD		1	oui
ORAVAL	IR_CER_V	niveau de certification	TRS_DIS_NIV,DIS_NIV_LIB,TEC_COL	TRS_DIS_NIV	DIS_NIV_LIB	0	oui
ORAVAL	IR_CET_D	Catégorie d'établissement (Dénormalisée)	ETB_CAT_COD,ETB_CAT_LIB,ETB_CAT_RG1,ETB_CR1_LIB,ETB_CAT_RG2,ETB_CR2_LIB,ETB_CAT_RG3,ETB_CR3_LIB	ETB_CAT_COD	ETB_CAT_LIB	28	oui
ORAVAL	IR_CET_V	Catégorie d'établissement	ETB_CAT_COD,ETB_CAT_RG1,ETB_CAT_LIB,TEC_COL	ETB_CAT_COD	ETB_CAT_LIB	7	oui
ORAVAL	IR_CIA_V	Catégorie Affinée de Pension d'Invalidité	AFF_PEN_CAT,INV_PEN_CAT,AFF_PEN_LIB,TEC_COL	AFF_PEN_CAT	AFF_PEN_LIB	1	oui
ORAVAL	IR_CII_V	Centre de Traitement Informatique Informationnel (CTII)	CTI_INF_NUM,CTI_INF_LIB,TEC_COL	CTI_INF_NUM	CTI_INF_LIB	0	oui
ORAVAL	IR_CIM_V	Tables de codes CIM10 ( MAJ à contrôler )	CIM_COD,CIM_LIB,ALD_030_COD,CAT_CIM_COD,VER_CPT_COD,VER_CPT_DTE,CAT_TUM_COD,TEC_COL	CIM_COD	CIM_LIB	1763	non
ORAVAL	IR_CIP_V	Table des classes thérapeutiques ATC par code CIP	PHA_PRS_IDE,PHA_ATC_CLA,GRP_GRP_COD,TEC_COL	PHA_PRS_IDE		145	non
ORAVAL	IR_CIV_V	Catégorie de Pension d'Invalidité	INV_PEN_CAT,INV_PEN_LIB,TEC_COL	INV_PEN_CAT	INV_PEN_LIB	0	oui
ORAVAL	IR_CLC_V	Code Libellé de Contrôle	DCT_CTL_COD,CTL_COD_LIB,TEC_COL	DCT_CTL_COD	CTL_COD_LIB	1	oui
ORAVAL	IR_CMD_V	Regroupement GHS	GHS_CMD,CMD_LIB,TEC_COL	GHS_CMD	CMD_LIB	1	oui
ORAVAL	IR_CMF_V	Regroupement Postes Comptables CMU / Participation / Forfait	CPT_CMF_COD,CPT_CMF_LIB,TEC_COL	CPT_CMF_COD	CPT_CMF_LIB	0	oui
ORAVAL	IR_CMH_V	Regroupement de Postes Comptables CMU / Hono / Optiq / Soin / Frais	CPT_CMH_COD,CPT_CMF_COD,CPT_CMH_LIB,TEC_COL	CPT_CMH_COD	CPT_CMH_LIB	0	oui
ORAVAL	IR_CMU_V	Postes Comptables CMU	CPT_CMU_COD,CPT_CMH_COD,CPT_CMU_LIB,TEC_COL	CPT_CMU_COD	CPT_CMU_LIB	0	oui
ORAVAL	IR_CNV_V	Conventions Médicales	PFS_CNV_COD,PFS_CNV_LIB,CNV_LIB_RH,CNV_LIB_RIA,PFS_CNV_SEC,PFS_SEC_LIB,TEC_COL	PFS_CNV_COD	PFS_CNV_LIB	0	oui
ORAVAL	IR_COC_V	Catégorie d'Organisme Complémentaire	BEN_CMU_CAT,CMU_CAT_LIB,TEC_COL	BEN_CMU_CAT	CMU_CAT_LIB	0	oui
ORAVAL	IR_COP_V	Comptes COPERNIC	CPT_COP_NUM,CPT_LFS_COD,CPT_COP_LIB,TEC_COL	CPT_COP_NUM	CPT_COP_LIB	89	non
ORAVAL	IR_CPA_V	Complément d'Acte	CPL_COD,CPL_LIB,TEC_COL	CPL_COD	CPL_LIB	0	oui
ORAVAL	IR_CPM_V	Regroupement complément d'acte/majorations	CPL_MAJ_COD,CPL_MAJ_TIP,TEC_COL	CPL_MAJ_COD	CPL_MAJ_TIP	0	oui
ORAVAL	IR_CRA_V	Caisse Régionale Assurance Maladie (CRAM) ( table organisme )	CRA_COD,CRA_NUM,CRA_VIL_LIB,CRA_REG_LIB,TEC_COL	CRA_COD	CRA_VIL_LIB	0	oui
ORAVAL	IR_CSS_V	Code C2S	BEN_C2S_COD,BEN_C2S_LIB,BEN_DRT_SPF	BEN_C2S_COD	BEN_C2S_LIB	0	oui
ORAVAL	IR_CTA_V	type de contrat complémentaire	BEN_CTA_TYP,BEN_CTA_LIB,TEC_COL	BEN_CTA_TYP	BEN_CTA_LIB	3	oui
ORAVAL	IR_CTI_V	Centre de Traitement Informatique de Production (CTI)	CTI_NUM,CTI_LIB,TEC_COL	CTI_NUM	CTI_LIB	0	oui
ORAVAL	IR_CTL_V	Type de contrôle	DCT_CTL_TYP,CTL_TYP_LIB,TEC_COL	DCT_CTL_TYP	CTL_TYP_LIB	0	oui
ORAVAL	IR_CUM_INT_C		PRS_NAT_CT1,PRS_NAT_CT2	PRS_NAT_CT1		2	oui
ORAVAL	IR_DCT_V	Décès / Transfert	BDG_DCT_COD,BDG_DCT_LIB,TEC_COL	BDG_DCT_COD	BDG_DCT_LIB	0	oui
ORAVAL	IR_DDP_MDT_C	Compatibilité DDP / MDT	DDP_COD,MDT_COD	DDP_COD		9	oui
ORAVAL	IR_DDP_V	Discipline de prestation établissement	DDP_COD,DDP_LIB,DDP_SPE_COD,DDP_GDE_COD,DDP_LHS,TEC_COL	DDP_COD	DDP_LIB	26	oui
ORAVAL	IR_DEM_V	Options Démographie	DEM_COD,DEM_LIB,TEC_COL	DEM_COD	DEM_LIB	0	oui
ORAVAL	IR_DEP_V	Qualificatif Dépense de Prestation	DPN_QLF,DPN_QLF_CB2,DPN_QLF_LIB,TEC_COL	DPN_QLF	DPN_QLF_LIB	1	oui
ORAVAL	IR_DEV_V	Devise	DEV_COD,DEV_SIG,DEV_LIB,TEC_COL	DEV_COD	DEV_LIB	0	oui
ORAVAL	IR_DIP_V	Dispositif de Prévention	DIP_COD,DIP_LIB,TEC_COL	DIP_COD	DIP_LIB	0	oui
ORAVAL	IR_DIS_V	utilisation du distancier	TRS_DIS_USG,DIS_USG_LIB,TEC_COL	TRS_DIS_USG	DIS_USG_LIB	0	oui
ORAVAL	IR_DPT_DGP_V	Département (2 caractères), Région, nouveau département	GEO_DPT_COD,GEO_REG_COD,GEO_DPT_NEW	GEO_DPT_COD		1	oui
ORAVAL	IR_DPT_V	Département ( avec code région )	GEO_DPT_COD,GEO_REG_COD,GEO_DPT_LIB,TEC_COL	GEO_DPT_COD	GEO_DPT_LIB	2	oui
ORAVAL	IR_DRA_V	Nature de destinataire du règlement affiné	DRG_AFF_NAT,DRG_NAT,DRG_AFF_LIB,TEC_COL	DRG_AFF_NAT	DRG_AFF_LIB	0	oui
ORAVAL	IR_DRG_V	Nature de destinataire du règlement	DRG_NAT,DRG_NAT_LIB,DRG_TIE_PAY,TEC_COL	DRG_NAT	DRG_NAT_LIB	0	oui
ORAVAL	IR_DSP_V	Droits Spécifiques	BEN_DRT_SPF,BEN_DRT_LIB,TEC_COL	BEN_DRT_SPF	BEN_DRT_LIB	0	oui
ORAVAL	IR_DTE_V	Période civile journalière	DTE_DTE,DTE_ANN_MOI,DTE_QTI,DTE_JOU,DTE_JOU_SEM,DTE_JOU_LIB,DTE_SEM_NUM,DTE_JOV_TOP,DTE_WKD_TOP,DTE_FER_TOP,TEC_COL	DTE_DTE	DTE_JOU_LIB	3400	non
ORAVAL	IR_DTR_V	Codes Détail Transport	TRS_PRS_IDE,TRS_IDE_LIB,TEC_COL	TRS_PRS_IDE	TRS_IDE_LIB	4	oui
ORAVAL	IR_EIN_V	Etat de pension d'invalidité	INV_PEN_ETA,INV_ETA_LIB,TEC_COL	INV_PEN_ETA	INV_ETA_LIB	1	oui
ORAVAL	IR_EMF_V	Nomenclature des émetteurs fins	TYT_COD,EMT_NUM,EMT_ORD,EMT_ORD_LIB,TEC_COL	TYT_COD	EMT_ORD_LIB	3	oui
ORAVAL	IR_ENT_V	Mode d'entrée	BDG_ENT_MOD,BDG_ENT_LIB,TEC_COL	BDG_ENT_MOD	BDG_ENT_LIB	0	oui
ORAVAL	IR_ENV_V	Type d'enveloppe	CPT_ENV_TYP,ENV_TYP_LIB,ENV_TYP_RGP,ENV_RGP_LIB,TEC_COL	CPT_ENV_TYP	ENV_TYP_LIB	0	oui
ORAVAL	IR_EPS_V	Code nature d'exercice du PS	EXC_EXC_NAT,EXC_NAT_LIB,EXC_NAT_SNI,TEC_COL	EXC_NAT_SNI	EXC_NAT_LIB	0	oui
ORAVAL	IR_ERG_V	Libellés regroupés EXO	EXO_MTF_RGT,EXO_RGT_LIB,TEC_COL	EXO_MTF_RGT	EXO_RGT_LIB	0	oui
ORAVAL	IR_ETM_V	Nature d'exonération du Ticket Modérateur	ETM_NAT,ETM_NAT_CB2,ETM_LIB,TOP_ETM,TEC_COL	ETM_NAT	ETM_LIB	0	oui
ORAVAL	IR_EXO_V	Motif d'exonération du Ticket Modérateur	EXO_MTF,EXO_LIB,EXO_MTF_RGT,TOP_CTE,TEC_COL	EXO_MTF	EXO_LIB	1	oui
ORAVAL	IR_EXR_V	Exercice de Rattachement ( MAJ annuelle à contrôler , à faire dans l'année )	CPT_EXC_RTC,TEC_COL	CPT_EXC_RTC		0	oui
ORAVAL	IR_FIR_D	Identification des prestations relevant du FIR	PRS_NAT,PRS_NAT_CB2,PRS_NAT_LIB,PRS_NAT_COM	PRS_NAT_CB2	PRS_NAT_LIB	2	oui
ORAVAL	IR_FJH_V	Type de Prise en Charge Forfait Journalier	PRS_FJH_TYP,PRS_FJH_LIB,TEC_COL	PRS_FJH_TYP	PRS_FJH_LIB	0	oui
ORAVAL	IR_FOR_V	Forçage du taux	FOR_TAU_COD,FOR_TAU_LIB,TEC_COL	FOR_TAU_COD	FOR_TAU_LIB	0	oui
ORAVAL	IR_GDE_V	Grande Discipline de Prestation	DDP_GDE_COD,DDP_GDE_LIB,TEC_COL	DDP_GDE_COD	DDP_GDE_LIB	0	oui
ORAVAL	IR_GEO_V	Géographie Administrative et Sanitaire	GEO_DPT_COD,GEO_COM_COD,GEO_COM_LIB,GEO_EMP_BAS,GEO_SAN_SEC,TEC_COL	GEO_DPT_COD	GEO_COM_LIB	1266	non
ORAVAL	IR_GES_V	Gestion Comptable	GES_GRG_COD,GES_CPT_COD,GES_CPT_LIB,GES_CPT_CAS,TEC_COL	GES_GRG_COD	GES_CPT_LIB	18	oui
ORAVAL	IR_GET_V	Médicament générique	GET_GEN_COD,GET_GET_COD,GET_GET_LIB,TEC_COL	GET_GEN_COD	GET_GET_LIB	0	oui
ORAVAL	IR_GHS_SU0_V	Suppléments GHS 2010	PPU_STA,REA_TAR,STF_TAR,SRC_TAR,NN1_TAR,NN2_TAR,NN3_TAR,REP_TAR	PPU_STA		0	oui
ORAVAL	IR_GHS_SU1_V	Suppléments GHS 2011	PPU_STA,REA_TAR,STF_TAR,SRC_TAR,NN1_TAR,NN2_TAR,NN3_TAR,REP_TAR,DIP_TAR	PPU_STA		0	oui
ORAVAL	IR_GHS_SU2_V	Suppléments GHS 2012	PPU_STA,REA_TAR,STF_TAR,SRC_TAR,NN1_TAR,NN2_TAR,NN3_TAR,REP_TAR,DIP_TAR	PPU_STA		0	oui
ORAVAL	IR_GHS_SU3_V	Suppléments GHS 2013	PPU_STA,REA_TAR,STF_TAR,SRC_TAR,NN1_TAR,NN2_TAR,NN3_TAR,REP_TAR,DIP_TAR	PPU_STA		0	oui
ORAVAL	IR_GHS_SU8_V	Suppléments GHS 2008	PPU_STA,REA_TA1,STF_TA1,SRC_TA1,SSC_TA1,SRA_TA1,NN1_TA1,NN2_TA1,NN3_TA1,REP_TA1,REA_TA2,STF_TA2,SRC_TA2,SSC_TA2,SRA_TA2,NN1_TA2,NN2_TA2,NN3_TA2,REP_TA2	PPU_STA		0	oui
ORAVAL	IR_GHS_SU9_V	Suppléments GHS 2009	PPU_STA,REA_TAR,STF_TAR,SRC_TAR,NN1_TAR,NN2_TAR,NN3_TAR,REP_TAR	PPU_STA		0	oui
ORAVAL	IR_GHS_TA0_V	Tarifs GHS 2010	GHS_NUM,GHM_NUM,GHS_SEU_BAS,GHS_SEU_HAU,GHS_PRI,EXH_PRI,EHB_FOR,EHB_PRI	GHS_NUM		99	non
ORAVAL	IR_GHS_TA1_V	Tarifs GHS 2011	GHS_NUM,GHM_NUM,GHS_SEU_BAS,GHS_SEU_HAU,GHS_PRI,EXH_PRI,EHB_FOR,EHB_PRI,GHS_COE_MED,GHS_COE_DMI	GHS_NUM		138	non
ORAVAL	IR_GHS_TA2_V	Tarifs GHS 2012	GHS_NUM,GHM_NUM,GHS_SEU_BAS,GHS_SEU_HAU,GHS_PRI,EXH_PRI,EHB_FOR,EHB_PRI,GHS_COE_MED,GHS_COE_DMI	GHS_NUM		109	non
ORAVAL	IR_GHS_TA3_V	Tarifs GHS 2013	GHS_NUM,GHM_NUM,GHS_SEU_BAS,GHS_SEU_HAU,GHS_PRI,EXH_PRI,EHB_FOR,EHB_PRI,GHS_COE_MED,GHS_COE_DMI	GHS_NUM		113	non
ORAVAL	IR_GHS_TA8_V	Tarifs GHS 2008	GHS_NUM,GHS_NUM_NUM,GHS_CMD,GHS_CMD_BIS,GHS_CMD_NUM,GHM_NUM,GHM_NUM_BIS,GHS_SEU_BA1,GHS_SEU_BA2,GHS_SEU_HA1,GHS_SEU_HA2,GHS_PR1,GHS_PR2,EXH_PR1,EXH_PR2,VER_10B,VER_10C,MED_SUS_TAU,DMI_SUS_TAU,MED_CMD_TAU,DMI_CMD_TAU,TAR_IND,TAR_COE	GHS_NUM		47	oui
ORAVAL	IR_GHS_TA9_V	Tarifs GHS 2009	GHS_NUM,GHS_CMD,GHM_NUM,GHS_SEU_BAS,GHS_SEU_HAU,GHS_PRI,EXH_PRI,EXB_FOR,EXB_PRI,MED_SUS_TAU,DMI_SUS_TAU,MED_CMD_TAU,DMI_CMD_TAU,TAR_IND,TAR_COE	GHS_NUM		99	non
ORAVAL	IR_GHS_V	Groupe homogène de séjour  GHS   code GHS_GRP_TYP = S  ( MAJ annuelle )	GHS_GRP_TYP,GHS_NUM,GHS_NUM_SEC,GHS_LIB,GHS_CRE_DTE,GHS_FER_DTE,GHS_NAT_ASS,GHS_AGE_MIN,GHS_AGE_MAX,GHS_SEX,GHS_CMD,GHS_ARR_DTE,GHS_PJO_DTE,GHS_MAJ_DTE,GHS_DDP_MCO,GHS_EO1_DTE,GHS_DUR_SJ1,GHS_SEU_HT1,GHS_SEU_BA1,GHS_PRU_OC1,GHS_EXH_OC1,GHS_PRU_EX1,GHS_COE_OC1,GHS_COF_OC1,GHS_F01_OC1,GHS_F02_OC1,GHS_F03_OC1,GHS_F04_OC1,GHS_F05_OC1,GHS_F06_OC1,GHS_F07_OC1,GHS_F08_OC1,GHS_F09_OC1,GHS_F10_OC1,GHS_F11_OC1,GHS_F12_OC1,GHS_F13_OC1,GHS_F14_OC1,GHS_F15_OC1,GHS_F16_OC1,GHS_F17_OC1,GHS_F18_OC1,GHS_F19_OC1,GHS_F20_OC1,GHS_F21_OC1,GHS_F22_OC1,GHS_F23_OC1,GHS_F24_OC1,GHS_F25_OC1,GHS_F26_OC1,GHS_F27_OC1,GHS_F28_OC1,GHS_F29_OC1,GHS_F30_OC1,GHS_F31_OC1,GHS_F32_OC1,GHS_F33_OC1,GHS_MAJ_OC1,GHS_EO2_DTE,GHS_DUR_SJ2,GHS_SEU_HT2,GHS_SEU_BA2,GHS_PRU_OC2,GHS_EXH_OC2,GHS_PRU_EX2,GHS_COE_OC2,GHS_COF_OC2,GHS_F01_OC2,GHS_F02_OC2,GHS_F03_OC2,GHS_F04_OC2,GHS_F05_OC2,GHS_F06_OC2,GHS_F07_OC2,GHS_F08_OC2,GHS_F09_OC2,GHS_F10_OC2,GHS_F11_OC2,GHS_F12_OC2,GHS_F13_OC2,GHS_F14_OC2,GHS_F15_OC2,GHS_F16_OC2,GHS_F17_OC2,GHS_F18_OC2,GHS_F19_OC2,GHS_F20_OC2,GHS_F21_OC2,GHS_F22_OC2,GHS_F23_OC2,GHS_F24_OC2,GHS_F25_OC2,GHS_F26_OC2,GHS_F27_OC2,GHS_F28_OC2,GHS_F29_OC2,GHS_F30_OC2,GHS_F31_OC2,GHS_F32_OC2,GHS_F33_OC2,GHS_MAJ_OC2,GHS_EO3_DTE,GHS_DUR_SJ3,GHS_SEU_HT3,GHS_SEU_BA3,GHS_PRU_OC3,GHS_EXH_OC3,GHS_PRU_EX3,GHS_COE_OC3,GHS_COF_OC3,GHS_F01_OC3,GHS_F02_OC3,GHS_F03_OC3,GHS_F04_OC3,GHS_F05_OC3,GHS_F06_OC3,GHS_F07_OC3,GHS_F08_OC3,GHS_F09_OC3,GHS_F10_OC3,GHS_F11_OC3,GHS_F12_OC3,GHS_F13_OC3,GHS_F14_OC3,GHS_F15_OC3,GHS_F16_OC3,GHS_F17_OC3,GHS_F18_OC3,GHS_F19_OC3,GHS_F20_OC3,GHS_F21_OC3,GHS_F22_OC3,GHS_F23_OC3,GHS_F24_OC3,GHS_F25_OC3,GHS_F26_OC3,GHS_F27_OC3,GHS_F28_OC3,GHS_F29_OC3,GHS_F30_OC3,GHS_F31_OC3,GHS_F32_OC3,GHS_F33_OC3,GHS_MAJ_OC3,TEC_COL	GHS_GRP_TYP	GHS_LIB	5462	non
ORAVAL	IR_GHT_V	Groupe homogène de séjour  GHS   code GHS_GRP_TYP = T ( table générée depuis la table IR_GHS_V )	GHS_GRP_TYP,GHS_NUM,GHS_NUM_SEC,GHS_LIB,GHS_CRE_DTE,GHS_FER_DTE,GHS_NAT_ASS,GHS_AGE_MIN,GHS_AGE_MAX,GHS_SEX,GHS_CMD,GHS_ARR_DTE,GHS_PJO_DTE,GHS_MAJ_DTE,GHS_DDP_MCO,GHS_EO1_DTE,GHS_DUR_SJ1,GHS_SEU_HT1,GHS_SEU_BA1,GHS_PRU_OC1,GHS_EXH_OC1,GHS_PRU_EX1,GHS_COE_OC1,GHS_COF_OC1,GHS_F01_OC1,GHS_F02_OC1,GHS_F03_OC1,GHS_F04_OC1,GHS_F05_OC1,GHS_F06_OC1,GHS_F07_OC1,GHS_F08_OC1,GHS_F09_OC1,GHS_F10_OC1,GHS_F11_OC1,GHS_F12_OC1,GHS_F13_OC1,GHS_F14_OC1,GHS_F15_OC1,GHS_F16_OC1,GHS_F17_OC1,GHS_F18_OC1,GHS_F19_OC1,GHS_F20_OC1,GHS_F21_OC1,GHS_F22_OC1,GHS_F23_OC1,GHS_F24_OC1,GHS_F25_OC1,GHS_F26_OC1,GHS_F27_OC1,GHS_F28_OC1,GHS_F29_OC1,GHS_F30_OC1,GHS_F31_OC1,GHS_F32_OC1,GHS_F33_OC1,GHS_MAJ_OC1,GHS_EO2_DTE,GHS_DUR_SJ2,GHS_SEU_HT2,GHS_SEU_BA2,GHS_PRU_OC2,GHS_EXH_OC2,GHS_PRU_EX2,GHS_COE_OC2,GHS_COF_OC2,GHS_F01_OC2,GHS_F02_OC2,GHS_F03_OC2,GHS_F04_OC2,GHS_F05_OC2,GHS_F06_OC2,GHS_F07_OC2,GHS_F08_OC2,GHS_F09_OC2,GHS_F10_OC2,GHS_F11_OC2,GHS_F12_OC2,GHS_F13_OC2,GHS_F14_OC2,GHS_F15_OC2,GHS_F16_OC2,GHS_F17_OC2,GHS_F18_OC2,GHS_F19_OC2,GHS_F20_OC2,GHS_F21_OC2,GHS_F22_OC2,GHS_F23_OC2,GHS_F24_OC2,GHS_F25_OC2,GHS_F26_OC2,GHS_F27_OC2,GHS_F28_OC2,GHS_F29_OC2,GHS_F30_OC2,GHS_F31_OC2,GHS_F32_OC2,GHS_F33_OC2,GHS_MAJ_OC2,GHS_EO3_DTE,GHS_DUR_SJ3,GHS_SEU_HT3,GHS_SEU_BA3,GHS_PRU_OC3,GHS_EXH_OC3,GHS_PRU_EX3,GHS_COE_OC3,GHS_COF_OC3,GHS_F01_OC3,GHS_F02_OC3,GHS_F03_OC3,GHS_F04_OC3,GHS_F05_OC3,GHS_F06_OC3,GHS_F07_OC3,GHS_F08_OC3,GHS_F09_OC3,GHS_F10_OC3,GHS_F11_OC3,GHS_F12_OC3,GHS_F13_OC3,GHS_F14_OC3,GHS_F15_OC3,GHS_F16_OC3,GHS_F17_OC3,GHS_F18_OC3,GHS_F19_OC3,GHS_F20_OC3,GHS_F21_OC3,GHS_F22_OC3,GHS_F23_OC3,GHS_F24_OC3,GHS_F25_OC3,GHS_F26_OC3,GHS_F27_OC3,GHS_F28_OC3,GHS_F29_OC3,GHS_F30_OC3,GHS_F31_OC3,GHS_F32_OC3,GHS_F33_OC3,GHS_MAJ_OC3,TEC_COL	GHS_NUM	GHS_LIB	31	oui
ORAVAL	IR_GLF_V	Grands Postes LFSS	CPT_GLF_COD,CPT_LVE_COD,CPT_GLF_LIB,TEC_COL	CPT_GLF_COD	CPT_GLF_LIB	0	oui
ORAVAL	IR_GRG_V	Grand Régime	GRG_COD,RRG_COD,GRG_LIC,GRG_LIB,GRG_LIB_SNI,TEC_COL	GRG_COD	GRG_LIB	1	oui
ORAVAL	IR_GRP_V	Membre d'un groupe ou d'une association	PFS_GRP_COD,PFS_GRP_LIB,TEC_COL	PFS_GRP_COD	PFS_GRP_LIB	0	oui
ORAVAL	IR_HAD_V	HAD en médico-social	BEN_EHP_TOP,BEN_EHP_LIB,TEC_COL	BEN_EHP_TOP	BEN_EHP_LIB	0	oui
ORAVAL	IR_ICL_V	Indicateur de Contrôle	DCT_CTL_IND,CTL_IND_LIB,TEC_COL	DCT_CTL_IND	CTL_IND_LIB	0	oui
ORAVAL	IR_INS_V		GEO_COM_COD,GEO_COM_LIB,INS_ARR_COD,INS_ARR_LIB,INS_CAN_COD,INS_CAN_LIB,INS_ZEM_COD,INS_ZEM_LIB,INS_BVI_COD,INS_BVI_LIB,EPC_SRN_COD,EPC_SRN_LIB,SAN_TVI_COD,SAN_TVI_LIB,CAN_BVI_COD,CAN_BVI_LIB,GEO_DPT_COD	GEO_COM_COD	GEO_COM_LIB	7141	non
ORAVAL	IR_INT_V	Type de version interface tiers	DCT_INT_VER,INT_VER_LIB,TEC_COL	DCT_INT_VER	INT_VER_LIB	0	oui
ORAVAL	IR_JDC_V	Justification des droits AMC	AMC_ECL_TOP,AMC_ECL_LIB,TEC_COL	AMC_ECL_TOP	AMC_ECL_LIB	0	oui
ORAVAL	IR_JDO_V	Justification des droits AMO	AMO_DRT_NPJ,AMO_DRT_LIB,TEC_COL	AMO_DRT_NPJ	AMO_DRT_LIB	0	oui
ORAVAL	IR_LFS_V	Postes LFSS	CPT_LFS_COD,CPT_LLD_COD,CPT_LFS_LIB,TEC_COL	CPT_LFS_COD	CPT_LFS_LIB	3	oui
ORAVAL	IR_LHS_V	Loi Hospitalière/Sociale	DDP_LHS,DDP_LHS_LIB,TEC_COL	DDP_LHS	DDP_LHS_LIB	0	oui
ORAVAL	IR_LIE_V	lieu d'exécution ( de l'acte médical )	EXE_LIE_COD,EXE_LIE_LIB,TEC_COL	EXE_LIE_COD	EXE_LIE_LIB	0	oui
ORAVAL	IR_LLD_V	Regroupement LFSS / Labo / Dentistes / Med / Para	CPT_LLD_COD,CPT_GLF_COD,CPT_LLD_LIB,TEC_COL	CPT_LLD_COD	CPT_LLD_LIB	2	oui
ORAVAL	IR_LOH_V	Regroupement de Postes LFSS / ONDAM / Hors ONDAM	CPT_LOH_COD,CPT_LOH_LIB,TEC_COL	CPT_LOH_COD	CPT_LOH_LIB	0	oui
ORAVAL	IR_LPP_V	Liste des Produits et des Prestations	LPP_COD,VAL_DTD,LPP_TAR,LPP_PRU	LPP_COD		192	non
ORAVAL	IR_LSM_V	Table des codes ELSM	LSM_COD,LSM_COD_LIB,TEC_COL	LSM_COD	LSM_COD_LIB	1	oui
ORAVAL	IR_LVE_V	Regroupement LFSS / Soins Ville / Etab / Autre	CPT_LVE_COD,CPT_LOH_COD,CPT_LVE_LIB,TEC_COL	CPT_LVE_COD	CPT_LVE_LIB	0	oui
ORAVAL	IR_MAJ_V	Type de Majoration	PRS_TYP_MAJ,TYP_MAJ_LIB,TEC_COL	PRS_TYP_MAJ	TYP_MAJ_LIB	0	oui
ORAVAL	IR_MCO_V	Table MCO médecine/chirurgie/obstétrique	GHS_DDP_MCO,DDP_MCO_LIB,TEC_COL	GHS_DDP_MCO	DDP_MCO_LIB	0	oui
ORAVAL	IR_MDP_V	Mode de prescription	PHA_MOD_PRN,PHA_MOD_LIB,TEC_COL	PHA_MOD_PRN	PHA_MOD_LIB	0	oui
ORAVAL	IR_MDT_V	Mode de Traitement	MDT_COD,MDT_LIB,MDT_HOS_COD,MDT_HOS_LIB,MDT_TYP_COD,MDT_TYP_LIB,TEC_COL	MDT_COD	MDT_LIB	1	oui
ORAVAL	IR_MED_V	Informations Médicales	MED_NCL_IDT,MED_MTF_COD,MED_MTF_LIB,TEC_COL	MED_MTF_COD	MED_MTF_LIB	53	non
ORAVAL	IR_MEP_V	Mode d'exercice Particulier (Omnipraticiens)	PFS_MEP_COD,PFS_MEP_LIB,TEC_COL	PFS_MEP_COD	PFS_MEP_LIB	1	oui
ORAVAL	IR_MFT_V	Mode de Fixation de Tarif	MFT_COD,MFT_LIB,MFT_COM,TEC_COL	MFT_COD	MFT_LIB	7	oui
ORAVAL	IR_MIN_V	type de minoration	PRS_TYP_MIN,TYP_MIN_LIB,TEC_COL	PRS_TYP_MIN	TYP_MIN_LIB	0	oui
ORAVAL	IR_MIR_D	Table des Comptes Comptables MIRCOSS (Dénormalisée)	CPT_MIR_NUM,CPT_MIR_LIB,CPT_COP_NUM,CPT_COP_LIB,CPT_LFS_COD,CPT_LFS_LIB,CPT_LLD_COD,CPT_LLD_LIB,CPT_GLF_COD,CPT_GLF_LIB,CPT_LVE_COD,CPT_LVE_LIB,CPT_LOH_COD,CPT_LOH_LIB,CPT_CMU_COD,CPT_CMU_LIB,CPT_CMH_COD,CPT_CMH_LIB,CPT_CMF_COD,CPT_CMF_LIB	CPT_MIR_NUM	CPT_MIR_LIB	9638	non
ORAVAL	IR_MIR_V	Comptes Comptables MIRCOSS	CPT_MIR_NUM,CPT_COP_NUM,CPT_CMU_COD,CPT_MIR_LIB,TEC_COL	CPT_MIR_NUM	CPT_MIR_LIB	3291	non
ORAVAL	IR_MOD_V	Mode de Règlement	DRG_MOD,DRG_MOD_LIB,TEC_COL	DRG_MOD	DRG_MOD_LIB	0	oui
ORAVAL	IR_MOI_V	Période Civile Mensuelle	DTE_ANN_MOI,DTE_ANT_MOI,DTE_MOI,DTE_MOI_LIB,DTE_ANT_MLI,DTE_MOI_JOV,DTE_TRI_EST,DTE_ANT_TRI,DTE_QUA_EST,DTE_ANT_QUA,DTE_SEM_EST,DTE_ANT_SEM,DTE_ANN,TEC_COL	DTE_ANN_MOI	DTE_MOI_LIB	165	non
ORAVAL	IR_MP2_V	Table des modificateurs parcours de soins sur 2 caractères	MOD_MOD_NEW,MOD_MOD_COD,MOD_VAL_DTD,MOD_VAL_DTF,MOD_COD_LIB,TEC_COL	MOD_MOD_NEW	MOD_COD_LIB	4	oui
ORAVAL	IR_MPA_V	Participation de l'assuré HPDS	MPA_EFF_DTD,MPA_MIN_TAU,MPA_MNT_PLA,MPA_EFF_DTF,TEC_COL	MPA_EFF_DTD		0	oui
ORAVAL	IR_MPS_V	Table des modificateurs (parcours de soin)	MOD_MOD_COD,MOD_COD_LIB,TEC_COL	MOD_MOD_COD	MOD_COD_LIB	2	oui
ORAVAL	IR_MSB_V	Motif de substitution du médicament	MSB_SUB_MTF,MSB_SUB_LIB,TEC_COL	MSB_SUB_MTF	MSB_SUB_LIB	0	oui
ORAVAL	IR_MTF_V	motif de fin de contrat avec le médecin traitant	MTT_MTF_COD,MTT_MTF_LIB,TEC_COL	MTT_MTF_COD	MTT_MTF_LIB	0	oui
ORAVAL	IR_MTM_V	Modulation du Ticket Modérateur	MTM_NAT,MTM_LIB,TEC_COL	MTM_NAT	MTM_LIB	0	oui
ORAVAL	IR_MTO_V	indicateur tarification METEORe dans le cadre du projet Météor	DCT_IND_MTR,IND_MTR_LIB,TEC_COL	DCT_IND_MTR	IND_MTR_LIB	0	oui
ORAVAL	IR_MTR_V	Motif du Transport	TRS_TRS_MTF,TRS_MTF_CH1,TRS_MTF_LB1,TRS_MTF_CH2,TRS_MTF_LB2,TRS_MTF_CH3,TRS_MTF_LB3,TEC_COL	TRS_TRS_MTF	TRS_MTF_LB3	2	oui
ORAVAL	IR_NAL_V	Nombre d'ALD dont les patients sont victimes	NAL_TRA_COD,NAL_TRA_LIB,TEC_COL	NAL_TRA_COD	NAL_TRA_LIB	0	oui
ORAVAL	IR_NAT_ACE_C	Compatibilite Nature de Prestation /  Nature d'Activite Executant	PRS_NAT,PFS_ACT_NAT	PRS_NAT		20	oui
ORAVAL	IR_NAT_ACP_C	Compatibilite Nature de Prestation _  Nature d'Activite Prescripteur	PFS_ACT_NAT,PRS_NAT	PRS_NAT		9	oui
ORAVAL	IR_NAT_ASU_C	Compatibilite Nature de Prestation _ Nature d'Assurance	PRS_NAT,ASU_NAT,PRS_NAT_TDM	PRS_NAT		37	oui
ORAVAL	IR_NAT_BEQ_C	Compatibilite Nature de Prestation _ Qualite de Beneficiaire	BEN_QLT_COD,PRS_NAT	BEN_QLT_COD		35	oui
ORAVAL	IR_NAT_CAE_C	Compatibilite Nature de Prestation _ Categorie PS Executant	PRS_NAT,PFS_CAT_COD	PFS_CAT_COD		16	oui
ORAVAL	IR_NAT_CAP_C	Compatibilite Nature de Prestation _ Categorie PS Prescripteur	PRS_NAT,PFS_CAT_COD	PFS_CAT_COD		9	oui
ORAVAL	IR_NAT_COE_C	Compatibilite Nature de Prestation _ Coefficient Maxi	PRS_NAT_REF,NAT_COE_MAX	PRS_NAT_REF		6	oui
ORAVAL	IR_NAT_CPA_C	Compatibilite Nature de Prestation _ Complement d'Acte	PRS_NAT,CPL_COD	PRS_NAT		11	oui
ORAVAL	IR_NAT_DDP_C	Compatibilité Nature de Prestation _ DDP	DDP_COD,PRS_NAT	DDP_COD		7	oui
ORAVAL	IR_NAT_DEP_C	Compatibilite Nature de Prestation _ Qualificatif Depense	PRS_NAT,DPN_QLF	PRS_NAT		30	oui
ORAVAL	IR_NAT_DIS_C		DIP_COD,PRS_NAT	DIP_COD		0	oui
ORAVAL	IR_NAT_DTR_C	Compatibilité Nature de Prestation _ Code Affiné Transport	PRS_NAT,TRS_PRS_IDE	PRS_NAT		1	oui
ORAVAL	IR_NAT_FRF_C	Compatibilité Nature de Prestation _ Forfait transport _ Forfait Kilométrique	TRS_PRS_IDE,PRS_NAT_REF,TRS_PRS_KLM	TRS_PRS_IDE		1	oui
ORAVAL	IR_NAT_MDT_C	Compatibilité Nature de Prestation _ Mode de Traitement	MDT_COD,PRS_NAT	MDT_COD		3	oui
ORAVAL	IR_NAT_PPU_C	Compatibilite Nature de Prestation _ Code Prive Public	PPU_SEC,PRS_NAT	PPU_SEC		18	oui
ORAVAL	IR_NAT_QTE_C	Compatibilite Nature de Prestation _ Quantite Maxi	PRS_NAT_REF,NAT_QTE_MAX	PRS_NAT_REF		9	oui
ORAVAL	IR_NAT_SAN_C	Compatibilité Nature de Prestation _ Centre de Santé	PRS_NAT,SAN_CEN_COD	PRS_NAT		8	oui
ORAVAL	IR_NAT_SEJ_C		PRS_NAT_CB2,PRS_NAT_PS5,SEJ_RGP_TYP	PRS_NAT_CB2		0	oui
ORAVAL	IR_NAT_SPE_C	Compatibilite Nature de Prestation _ Specialite PS Executant	PRS_NAT,PFS_SPE_COD	PRS_NAT		124	non
ORAVAL	IR_NAT_SPP_C	Compatibilite Nature de Prestation _ Specialite PS Prescripteur	PRS_NAT,PFS_SPE_COD	PRS_NAT		136	non
ORAVAL	IR_NAT_TAU_C	Compatibilite Nature de Prestation _ Taux de Prise en charge	PRS_NAT,TAU_COD	PRS_NAT		9	oui
ORAVAL	IR_NAT_TYF_C	Compatibilité Nature de Prestation _ Type de forfait	PRS_NAT,SFJ_TYP	PRS_NAT		0	oui
ORAVAL	IR_NAT_V	Nature Prestation	PRS_NAT,PRS_NAT_STA,PRS_NAT_CB2,PRS_NAT_LIB,TDM_NAT_AFF,PRS_NAT_TDM,NAT_CPL_ACT,CCA_CPL_COD,PRN_AID_TOP,PRS_SPP_TOP,TOP_SNI,TYA_COD,CEL_TYP,TOP_PRS_SOI,PRS_NAT_RGT,TOP_TRF_OPP,PRS_NAT_TYP,PRS_NAT_OBS,TEC_COL	PRS_NAT	PRS_NAT_LIB	131	non
ORAVAL	IR_NDT_V	Nature de la dette	CGE_DET_NAT,DET_NAT_LIB,TEC_COL	CGE_DET_NAT	DET_NAT_LIB	4	oui
ORAVAL	IR_NEM_T	Numéros d'émetteurs restitution	TYT_COD,EMT_NUM_RES,EMT_LIB_RES,TEC_COL	TYT_COD		0	oui
ORAVAL	IR_NEM_V	Numéros d'émetteurs	TYT_COD,EMT_NUM,EMT_NUM_LIB,TEC_COL	TYT_COD	EMT_NUM_LIB	2	oui
ORAVAL	IR_NEX_V	Nature d'Exercice d'un PS	PFS_EXC_NAT,EXC_NAT_LIB,TEC_COL	PFS_EXC_NAT	EXC_NAT_LIB	0	oui
ORAVAL	IR_NFS_V	Nature fin de séjour	NFS_NAT_COD,NFS_NAT_LIB,TEC_COL	NFS_NAT_COD	NFS_NAT_LIB	0	oui
ORAVAL	IR_NGC_V	Numéro de gestion Comptable	GES_GRG_COD,GES_CPT_COD,GES_CPT_NUM,TEC_COL	GES_GRG_COD		5	oui
ORAVAL	IR_NIR_V	Codes indicateurs NIR	BEN_NIR_COD,BEN_NIR_LIB,TOP_NIR_SNI,TEC_COL	BEN_NIR_COD	BEN_NIR_LIB	7	oui
ORAVAL	IR_NMD_V	Nomenclature Médicale	MED_NCL_IDT,MED_NCL_LIB,TEC_COL	MED_NCL_IDT	MED_NCL_LIB	0	oui
ORAVAL	IR_NPS_V	Notion de parcours de soin	NPS_PAR_COD,NPS_PAR_LIB,TEC_COL	NPS_PAR_COD	NPS_PAR_LIB	0	oui
ORAVAL	IR_OBS_V	Code Observation	BDG_OBS_COD,BDG_OBS_LIB,TEC_COL	BDG_OBS_COD	BDG_OBS_LIB	0	oui
ORAVAL	IR_OPL_V	Nature d'opération de liquidation	DCT_OPL_NAT,OPL_NAT_LIB,TEC_COL	DCT_OPL_NAT	OPL_NAT_LIB	0	oui
ORAVAL	IR_OPR_V	Nature des Opérations de Récupération	CGE_OPR_NAT,OPR_NAT_LIB,TEC_COL	CGE_OPR_NAT	OPR_NAT_LIB	0	oui
ORAVAL	IR_ORG_V	organismes	ORG_NUM,ORG_GRG_COD,CTI_NUM,CTI_INF_NUM,CRA_COD,URC_ARH_COD,SLM_NUM,ORG_BSE_NUM,ORG_ORG_TYP,GEO_DPT_COD,GEO_COM_COD,ORG_ACO_COD,ORG_SLM_CLM,ORG_UGE_COD,ORG_SIR_NUM,ORG_CAI_NUM,GDP_NV0_COD,GDP_NV1_COD,GDP_NV2_COD,ORG_TOP_INF,TEC_COL	ORG_NUM		4013	non
ORAVAL	IR_ORI_V	origine de la saisie ou de la mise à jour de la déclaration de médecin traitant	MTT_ORI_COD,MTT_ORI_LIB,TEC_COL	MTT_ORI_COD	MTT_ORI_LIB	0	oui
ORAVAL	IR_PAF_V	Participation forfaitaire	PRS_PPF_COD,PRS_PPF_LIB,TEC_COL	PRS_PPF_COD	PRS_PPF_LIB	0	oui
ORAVAL	IR_PAY_V	Pays	GEO_PAY_COD,GEO_PAY_LIB,TEC_COL	GEO_PAY_COD	GEO_PAY_LIB	0	oui
ORAVAL	IR_PCT_V	Périodes comptables	CPT_DEP_PER,CPT_DEP_LIB,CPT_DEP_EXC,TEC_COL	CPT_DEP_PER	CPT_DEP_LIB	3	oui
ORAVAL	IR_PEL_V	"""Indicateur """"Prescription en ligne"""""""	PEL_COD,PEL_LIB,TEC_COL	PEL_COD	PEL_LIB	0	oui
ORAVAL	IR_PEN_V	type de pension	PEN_TYP_COD,PEN_TYP_LIB,TEC_COL	PEN_TYP_COD	PEN_TYP_LIB	0	oui
ORAVAL	IR_PNE_V	Prestation en Nature / Espèce et Autre	PRS_NAT_PNE,NAT_PNE_LIB,TEC_COL	PRS_NAT_PNE	NAT_PNE_LIB	0	oui
ORAVAL	IR_POS_V	Code Postal	GEO_DPT_COD,GEO_COM_COD,GEO_POS_COD,TEC_COL	GEO_POS_COD		618	non
ORAVAL	IR_PPU_V	Secteur d'Activité (Prive / Public)	PPU_SEC,PPU_SEC_LIB,TEC_COL	PPU_SEC	PPU_SEC_LIB	0	oui
ORAVAL	IR_PRF_V	Type de Prestation Fournie (Dispositifs Médicaux)	TIP_PRS_TYP,TIP_PRS_LIB,TEC_COL	TIP_PRS_TYP	TIP_PRS_LIB	0	oui
ORAVAL	IR_PRO_V	Contexte Professionnel de Santé	PRO_COD,PRO_LIB,TEC_COL	PRO_COD	PRO_LIB	4	oui
ORAVAL	IR_PRS_CAF_C		PRS_NAT,PRS_AFF_TYP	PRS_NAT		0	oui
ORAVAL	IR_PRS_EXE_C		PRS_NAT_CT1,PRS_NAT_CT2	PRS_NAT_CT1		0	oui
ORAVAL	IR_PRS_OBL_C		PRS_NAT_CT1,PRS_NAT_CT2	PRS_NAT_CT1		0	oui
ORAVAL	IR_QBA_V	Qualité de Bénéficiaire Affinée	BEN_QAF_COD,BEN_QLT_COD,BEN_QAF_LIB,BEN_QLT_CB2,TEC_COL	BEN_QAF_COD	BEN_QAF_LIB	0	oui
ORAVAL	IR_QPE_V	Table des qualificatifs de parcours de soin (entrée)	QPE_QPE_COD,QPE_MOD_COD,QPE_COD_LIB,QPE_NPS_COD,TEC_COL	QPE_QPE_COD	QPE_COD_LIB	0	oui
ORAVAL	IR_QPS_V	Table des qualificatifs de parcours de soin (sortie)	QPS_QPS_COD,QPS_MOD_COD,QPS_COD_LIB,QPS_NPS_COD,TEC_COL	QPS_QPS_COD	QPS_COD_LIB	1	oui
ORAVAL	IR_RAN_V	Regroupement type anomalie	RAN_COD,RAN_LIB,TEC_COL	RAN_COD	RAN_LIB	0	oui
ORAVAL	IR_REF_V	Medecin référent	REF_REF_COD,REF_REF_LIB,TEC_COL	REF_REF_COD	REF_REF_LIB	0	oui
ORAVAL	IR_REG_V	Région ( anciens et nouveaux libellés )	GEO_REG_COD,GEO_PAY_COD,GEO_REG_LIB,TEC_COL	GEO_REG_COD	GEO_REG_LIB	0	oui
ORAVAL	IR_REK_V	Indicateurs Référentiel EP Kiné	PRS_REF_KIN,PRS_REF_LIB,TEC_COL	PRS_REF_KIN	PRS_REF_LIB	0	oui
ORAVAL	IR_REN_V	type de Renouvellement	REN_COD,REN_LIB,TEC_COL	REN_COD	REN_LIB	0	oui
ORAVAL	IR_RGM_ASU_C	Compatibilité Régime d'Affiliation _ Nature d'Assurance	ASU_NAT,RGM_GRG_COD,RGM_COD	ASU_NAT		80	non
ORAVAL	IR_RGM_BEQ_C	Compatibilité Régime d'Affiliation _ Qualité de Bénéficiaire	BEN_QLT_COD,RGM_GRG_COD,RGM_COD	BEN_QLT_COD		37	oui
ORAVAL	IR_RGM_V	Petit Régime d'Affiliation	RGM_GRG_COD,RGM_COD,RGM_LIB,RGM_COM,TOP_CPI,TEC_COL	RGM_GRG_COD	RGM_LIB	154	non
ORAVAL	IR_RGP_V	type de regroupement de séjour dans le cadre du projet T2A SSR	SEJ_RGP_TYP,SEJ_RGP_LIB,TEC_COL	SEJ_RGP_TYP	SEJ_RGP_LIB	0	oui
ORAVAL	IR_RGT_V	Regroupement de prestations	PRS_NAT_RGT,NAT_RGT_LIB,TEC_COL	PRS_NAT_RGT	NAT_RGT_LIB	2	oui
ORAVAL	IR_RGU_V	Sens de la régularisation	DCT_RGU_SNS,RGU_SNS_LIB,TEC_COL	DCT_RGU_SNS	RGU_SNS_LIB	0	oui
ORAVAL	IR_RNM_V	indicateur du RNIAM	RNM_RNM_COD,RNM_RNM_LIB,TEC_COL	RNM_RNM_COD	RNM_RNM_LIB	1	oui
ORAVAL	IR_RP1_V	Regroupement HPHE Détaillé Honoraires Spécialistes et Auxiliaires	PRS_RP1_COD,PRS_RP2_COD,PRS_RP1_LIB,PRS_NAT_TDM,PFS_SPE_POS,PFS_SPE_COD,PFS_ACT_NAT,DDP_GDE_COD,MFT_COD,ETE_STJ_COD,ETE_CAT_RG1,TEC_COL	PRS_RP1_COD	PRS_RP1_LIB	6	oui
ORAVAL	IR_RP2_V	Regroupement HPHE Détaillé Honoraires Auxiliaires	PRS_RP2_COD,PRS_RP3_COD,PRS_RP2_LIB,TEC_COL	PRS_RP2_COD	PRS_RP2_LIB	0	oui
ORAVAL	IR_RP3_V	Regroupement Hono Presc Hospit Espece (HPHE)	PRS_RP3_COD,PRS_RP3_LIB,TEC_COL	PRS_RP3_COD	PRS_RP3_LIB	0	oui
ORAVAL	IR_RRG_V	Regroupement de régimes	RRG_COD,RRG_LIB,TEC_COL	RRG_COD	RRG_LIB	0	oui
ORAVAL	IR_RSM_V	Table des codes ERSM	RSM_COD,RSM_COD_LIB,TEC_COL	RSM_COD	RSM_COD_LIB	0	oui
ORAVAL	IR_RVL_V	Nature de la revalorisation (IJ)	IJR_RVL_NAT,RVL_NAT_LIB,TEC_COL	IJR_RVL_NAT	RVL_NAT_LIB	0	oui
ORAVAL	IR_SAF_V	Type de Saisie Affinée ou Support d'Entrée	SAF_GRG_COD,DCT_ENT_SUP,DCT_ENT_CB2,DCT_ENT_LIB,DCT_GRG_LIB,TEC_COL	SAF_GRG_COD	DCT_ENT_LIB	40	oui
ORAVAL	IR_SAI_V	Type de Saisie ou Système a l'Origine du Mouvement	DCT_MVT_SYS,DCT_MVT_LIB,TEC_COL	DCT_MVT_SYS	DCT_MVT_LIB	0	oui
ORAVAL	IR_SAN_V	Centre de Santé	SAN_CEN_COD,SAN_CEN_LIB,TEC_COL	SAN_CEN_COD	SAN_CEN_LIB	0	oui
ORAVAL	IR_SAT_V	Motif de suppression de la rente AT	RAT_SUP_MTF,RAT_SUP_LIB,TEC_COL	RAT_SUP_MTF	RAT_SUP_LIB	0	oui
ORAVAL	IR_SEQ_V	Séquence de renouvellement	PHA_SEQ_RNV,PHA_SEQ_LIB,TEC_COL	PHA_SEQ_RNV	PHA_SEQ_LIB	2	oui
ORAVAL	IR_SEX_V	Sexe	SEX_COD,SEX_LIB,TEC_COL	SEX_COD	SEX_LIB	0	oui
ORAVAL	IR_SFJ_V	Type de supplément forfait	SFJ_TYP,SFJ_LIB,TEC_COL	SFJ_TYP	SFJ_LIB	0	oui
ORAVAL	IR_SGN_V	Signe du Mouvement	CPT_MVT_SGN,MVT_SGN_LIB,TEC_COL	CPT_MVT_SGN	MVT_SGN_LIB	0	oui
ORAVAL	IR_SJE_V	Statut juridique d'établissement	ETB_STJ_COD,ETB_STJ_LIB,TEC_COL	ETB_STJ_COD	ETB_STJ_LIB	3	oui
ORAVAL	IR_SJP_V	Statut Juridique ou Mode d'exercice d'un PS	PFS_STJ_COD,PFS_STJ_LIB,PFS_EXC_TYP,PFS_EXC_LIB,SJP_RGT,TEC_COL	PFS_STJ_COD	PFS_STJ_LIB	0	oui
ORAVAL	IR_SL2_V	RGT Mutuelles affiliées	SLM_RGT2,SLM_LIB_RG2,TEC_COL	SLM_RGT2		0	oui
ORAVAL	IR_SLG_V	Regroupement SLM	SLM_RGT,SLM_RGT_LIB,TEC_COL	SLM_RGT	SLM_RGT_LIB	0	oui
ORAVAL	IR_SLM_V	Section Locale Mutualiste (SLM)	SLM_NUM,SLM_LIB,SLM_RGT,SLM_RGT2,TEC_COL	SLM_NUM	SLM_LIB	3	oui
ORAVAL	IR_SNS_V	Sens du Mouvement	CPT_MVT_SNS,MVT_SNS_LIB,TEC_COL	CPT_MVT_SNS	MVT_SNS_LIB	0	oui
ORAVAL	IR_SOP_V	Sortie / Présence	BDG_SOP_COD,BDG_SOP_LIB,TEC_COL	BDG_SOP_COD	BDG_SOP_LIB	0	oui
ORAVAL	IR_SPA_D	regroupement de spécialités médicales et nature d'activité	PFS_SPA_COD,PFS_SPA_LIB	PFS_SPA_COD	PFS_SPA_LIB	2	oui
ORAVAL	IR_SPD_V	Spécialité de Discipline	DDP_SPE_COD,DDP_SPE_LIB,TEC_COL	DDP_SPE_COD	DDP_SPE_LIB	1	oui
ORAVAL	IR_SPE_D	Spécialités médicales (Dénormalisée)	PFS_SPE_COD,PFS_SPE_LIB,PFS_SPE_STA,SPE_STA_LIB,PFS_SPE_POS,SPE_POS_LIB,PFS_SPE_OMS,SPE_OMS_LIB,PFS_SPE_TDM,SPE_TDM_LIB,PFS_CAT_COD,PFS_CAT_LIB	PFS_SPE_COD	PFS_SPE_LIB	7	oui
ORAVAL	IR_SPE_V	Spécialités médicales	PFS_SPE_COD,PFS_SPE_STA,PFS_SPE_LIB,SPE_LIB_SNI,PFS_SPE_POS,SPE_POS_LIB,PFS_SPE_OMS,SPE_OMS_LIB,TEC_COL	PFS_SPE_COD	PFS_SPE_LIB	5	oui
ORAVAL	IR_SPS_V	Regroupement de Spécialité pour les Statistiques Mensuelles	PFS_SPE_STA,PFS_SPE_TDM,SPE_STA_LIB,TEC_COL	PFS_SPE_STA	SPE_STA_LIB	0	oui
ORAVAL	IR_SPT_V	Regroupement de Spécialité pour TANDEM	PFS_SPE_TDM,PFS_CAT_COD,SPE_TDM_LIB,TEC_COL	PFS_SPE_TDM	SPE_TDM_LIB	0	oui
ORAVAL	IR_SRG_V	Libellés regroupés SJP	SJP_RGT,SJP_RGT_LIB,TEC_COL	SJP_RGT	SJP_RGT_LIB	0	oui
ORAVAL	IR_STA_V	Regroupement de Prestation pour les Statistiques Mensuelles	PRS_NAT_STA,PRS_NAT_PNE,NAT_STA_LIB,TEC_COL	PRS_NAT_STA	NAT_STA_LIB	0	oui
ORAVAL	IR_STJ_MFT_C	Compatibilité MFT _ STJ	MFT_COD,ETB_STJ_COD,ETB_TYP_COD,ETB_PPU_SEC,ETB_CEX_PUB	MFT_COD		22	oui
ORAVAL	IR_SUB_V	Motif de Substitution Médicament	PHA_SUB_MTF,PHA_SUB_LIB,TEC_COL	PHA_SUB_MTF	PHA_SUB_LIB	0	oui
ORAVAL	IR_SVI_V	Indicateur de suivi du n° RPPS	SVI_COD,SVI_LIB,TEC_COL	SVI_COD	SVI_LIB	0	oui
ORAVAL	IR_TAA_V	Impact T2A publique sur le référentiel tables	TAA_COD,TAA_LIB,TEC_COL	TAA_COD	TAA_LIB	0	oui
ORAVAL	IR_TAE_V	Type d'activité établissement	ETB_ACT_TYP,ETB_ACT_LIB,TEC_COL	ETB_ACT_TYP	ETB_ACT_LIB	0	oui
ORAVAL	IR_TAN_V	Type d'Anomalie / Signalement / Rejet	PRS_ANO_COD,RAN_COD,PRS_ANO_LIB,TEC_COL	PRS_ANO_COD	PRS_ANO_LIB	41	oui
ORAVAL	IR_TAU_V	Taux de Prise en Charge	TAU_COD,TAU_LIB,TAU_RGT,TEC_COL	TAU_COD	TAU_LIB	0	oui
ORAVAL	IR_TCE_V		PSE_TCE_COD,PSE_TCE_LIB,TEC_COL	PSE_TCE_COD	PSE_TCE_LIB	0	oui
ORAVAL	IR_TCM_V	Type de Procédure de Paiement CMU	BEN_PAI_CMU,PAI_CMU_LIB,TEC_COL	BEN_PAI_CMU	PAI_CMU_LIB	0	oui
ORAVAL	IR_TCP_V	Type de CIP délivré	PHA_CIP_TYP,PHA_CIP_LIB,TEC_COL	PHA_CIP_TYP	PHA_CIP_LIB	0	oui
ORAVAL	IR_TCR_V	Top certification du lot	DCT_LOT_TCR,LOT_TCR_LIB,TEC_COL	DCT_LOT_TCR	LOT_TCR_LIB	0	oui
ORAVAL	IR_TCU_V	Type de codage UCD	UCD_TOP_UCD,UCD_TOP_LIB,TEC_COL	UCD_TOP_UCD	UCD_TOP_LIB	0	oui
ORAVAL	IR_TDM_V	Regroupement de Prestation pour TANDEM	PRS_NAT_TDM,NAT_TDM_LIB,TEC_COL	PRS_NAT_TDM	NAT_TDM_LIB	0	oui
ORAVAL	IR_TDU_V	Top déconditionnement	PHA_DEC_TOP,PHA_DEC_LIB,TEC_COL	PHA_DEC_TOP	PHA_DEC_LIB	0	oui
ORAVAL	IR_TEK_REK_C	Compatibilité Top Entente Préalable Kiné Indicateur Référentiel Kiné	PRS_TOP_ENP,PRS_REF_KIN	PRS_TOP_ENP		0	oui
ORAVAL	IR_TEK_V	Top Entente Préalable Kiné	PRS_TOP_ENP,PRS_ENP_LIB,TEC_COL	PRS_TOP_ENP	PRS_ENP_LIB	0	oui
ORAVAL	IR_TMT_V	Origine de la prescription	TMT_TOP_COD,TMT_TOP_LIB,TEC_COL	TMT_TOP_COD	TMT_TOP_LIB	0	oui
ORAVAL	IR_TOC_V	Top option de coordination	TOC_TOP_COD,TOC_TOP_LIB,TEC_COL	TOC_TOP_COD	TOC_TOP_LIB	0	oui
ORAVAL	IR_TOP_V	Indicateur tarif opposable	TOP_OPS_COD,TOP_OPS_LIB,TEC_COL	TOP_OPS_COD	TOP_OPS_LIB	0	oui
ORAVAL	IR_TOR_V	Types d'organismes	ORG_CAI_TYP,ORG_TYP_LIB,TEC_COL	ORG_CAI_TYP	ORG_TYP_LIB	0	oui
ORAVAL	IR_TPR_V	Types de prestation Kiné	PRS_TYP_KIN,PRS_KIN_LIB,TEC_COL	PRS_TYP_KIN	PRS_KIN_LIB	0	oui
ORAVAL	IR_TRG_V	Libellés regroupés TAU	TAU_RGT,TAU_RGT_LIB,TEC_COL	TAU_RGT	TAU_RGT_LIB	0	oui
ORAVAL	IR_TTX_V	Type de Taux	TTX_TYP,TTX_TYP_LIB,TEC_COL	TTX_TYP	TTX_TYP_LIB	0	oui
ORAVAL	IR_TUM_V	codes de regroupement de tumeurs pour les codes cim10 relevant de l'ald numéro 30	CAT_TUM_COD,CAT_TUM_LIB,TEC_COL	CAT_TUM_COD	CAT_TUM_LIB	0	oui
ORAVAL	IR_TYA_V	Type d'acte	TYA_COD,TYA_LIB,TEC_COL	TYA_COD	TYA_LIB	0	oui
ORAVAL	IR_TYE_V	Type d'établissement	ETB_TYP_COD,ETB_PPU_SEC,ETB_TYP_LIB,TEC_COL	ETB_TYP_COD	ETB_TYP_LIB	0	oui
ORAVAL	IR_TYO_V	Type d'Organisme	ORG_ORG_TYP,ORG_TYP_LIB,TEC_COL	ORG_ORG_TYP	ORG_TYP_LIB	0	oui
ORAVAL	IR_TYP_V		PRS_NAT_TYP,PRS_TYP_LIB	PRS_NAT_TYP	PRS_TYP_LIB	0	oui
ORAVAL	IR_TYR_V	Type de Remboursement	PRS_REM_TYP,REM_TYP_LIB,TEC_COL	PRS_REM_TYP	REM_TYP_LIB	0	oui
ORAVAL	IR_TYT_V	Type de Transmetteur	TYT_COD,TYT_LIB,TEC_COL	TYT_COD	TYT_LIB	0	oui
ORAVAL	IR_TYV_V	Type de Ventilation	CPT_VEN_TYP,VEN_TYP_LIB,TEC_COL	CPT_VEN_TYP	VEN_TYP_LIB	0	oui
ORAVAL	IR_UCD_V	Unité Commune de Dispensation	UCD_COD,APP_DTE,UCD_TTC_MNT	UCD_COD		46	oui
ORAVAL	IR_URC_V	URCAM / ARH ( région )	URC_ARH_COD,URC_LIB,ARH_LIB,TEC_COL	URC_ARH_COD	URC_LIB	1	oui
ORAVAL	IR_VIT_V	indicateur de forçage Sesam Vitale	IND_FOR,IND_FOR_LIB,TEC_COL	IND_FOR	IND_FOR_LIB	0	oui
ORAVAL	IR_ZCN_V		GEO_COM_COD,GEO_DPT_COD,GEN_ZCN_COD,INF_ZCN_COD,KIN_ZCN_COD,DEN_ZCN_COD,ORH_ZCN_COD,SGF_ZCN_COD	GEO_COM_COD	DEN_ZCN_COD	3696	non
ORAVAL	IR_ZTP_V	Zone Tarif PS	PSP_ZTP_COD,PFS_ZTP_LIB,TEC_COL	PSP_ZTP_COD	PFS_ZTP_LIB	0	oui
ORAVAL	MS_ACT_V	code Acte	RBC_COD_ACT,RBC_LIB_ACT,TEC_COL	RBC_COD_ACT	RBC_LIB_ACT	26	oui
ORAVAL	MS_AFP_V		AFP_CTL_COD,AFP_CTL_LIB,TEC_COL	AFP_CTL_COD	AFP_CTL_LIB	0	oui
ORAVAL	MS_AHP_V		AHP_CTL_COD,AHP_CTL_LIB,TEC_COL	AHP_CTL_COD	AHP_CTL_LIB	0	oui
ORAVAL	MS_ASN_V	Nature d'assurance PMSI	ASN_COD,ASN_LIB,TEC_COL	ASN_COD	ASN_LIB	0	oui
ORAVAL	MS_ATV_V	Activité de l'acte	COD_ATV,ATV_LIB,TEC_COL	COD_ATV	ATV_LIB	0	oui
ORAVAL	MS_AUT_V	Type d'UM autorisé	AUT_COD,AUT_LIB,TEC_COL	AUT_COD	AUT_LIB	0	oui
ORAVAL	MS_CAD_V		CAD_CTL_COD,CAD_CTL_LIB,TEC_COL	CAD_CTL_COD	CAD_CTL_LIB	0	oui
ORAVAL	MS_CDM_V	Nomenclature CDAM (Actes Hospitaliers)	CDM_COD,CDM_LIB,TEC_COL	CDM_COD	CDM_LIB	907	non
ORAVAL	MS_CIM_V	Codes Diagnostics (CIM10) pour le PMSI (limite à 20 000 lignes) ( MAJ à contrôler )	CIM_COD,CIM_LIC,CIM_LIL,MVT_DTE,MVT_ORI,MVT_TYP,CIM_LIC_OLD,TEC_COL	CIM_COD	CIM_LIL	2185	non
ORAVAL	MS_CIV_V	Code Civilité	CIV_COD,CIV_LIB,TEC_COL	CIV_COD	CIV_LIB	0	oui
ORAVAL	MS_CSS_V		CSS_CTL_COD,CSS_CTL_LIB,TEC_COL	CSS_CTL_COD	CSS_CTL_LIB	0	oui
ORAVAL	MS_CSX_V	Controle du Sexe	CSX_CTL_COD,CSX_CTL_LIB,TEC_COL	CSX_CTL_COD	CSX_CTL_LIB	0	oui
ORAVAL	MS_DST_V	Destination	DST_COD,DST_LIB,TEC_COL	DST_COD	DST_LIB	0	oui
ORAVAL	MS_DTN_V		DTN_CTL_COD,DTN_CTL_LIB,TEC_COL	DTN_CTL_COD	DTN_CTL_LIB	0	oui
ORAVAL	MS_ENR_V	Type d'enregistrement	ENR_COD,ENR_LIB,TEC_COL	ENR_COD	ENR_LIB	0	oui
ORAVAL	MS_ENT_ENR_C	Compatibilité mode d Entrée du champ - type d Enregistrement	ENT_TYP,ENR_COD	ENR_COD		0	oui
ORAVAL	MS_ENT_PRV_C	Compatibilité mode d Entree du champ -  Provenance	ENT_MOD_COD,PRV_COD	ENT_MOD_COD		0	oui
ORAVAL	MS_ENT_V	Mode d'entree du champ PMSI_MCO	ENT_MOD_COD,ENT_MOD_LIB,TEC_COL	ENT_MOD_COD	ENT_MOD_LIB	0	oui
ORAVAL	MS_FFT_V	Forfait Dialyse	FFT_COD,FFT_LIB,TEC_COL	FFT_COD	FFT_LIB	0	oui
ORAVAL	MS_FMT_V	Type de format RSF (Ancien / Nouveau)	FMT_COD,FMT_LIB,TEC_COL	FMT_COD	FMT_LIB	0	oui
ORAVAL	MS_GM7_V	Groupe Homogene de Malade (GHM) V7	GM7_GHM_COD,CMD_COD,GHM_LIB,TEC_COL	GM7_GHM_COD	GHM_LIB	50	non
ORAVAL	MS_GM9_V	Groupe Homogene de Malade (GHM) V9	GM9_GHM_COD,CMD_COD,GHM_LIB,TEC_COL	GM9_GHM_COD	GHM_LIB	68	non
ORAVAL	MS_JTM_V	Justification de l'exonération du TM	EXO_JTM_COD,EXO_JTM_LIB,TEC_COL	EXO_JTM_COD	EXO_JTM_LIB	0	oui
ORAVAL	MS_LDD_V	Passage dans un lit dédié aux soins Palliatifs	LDD_COD,LDD_LIB,TEC_COL	LDD_COD	LDD_LIB	0	oui
ORAVAL	MS_NFS_V	Nature d'interruption ou de fin de séjour	NFS_COD,NFS_LIB,TEC_COL	NFS_COD	NFS_LIB	0	oui
ORAVAL	MS_OPE_V	Nature d'opération	OPE_COD,OPE_LIB,TEC_COL	OPE_COD	OPE_LIB	0	oui
ORAVAL	MS_PDP_V	Position du Diagnostic Principal	PDP_COD,PDP_LIB,TEC_COL	PDP_COD	PDP_LIB	4	oui
ORAVAL	MS_PEC_V	Code de prise en charge	COD_PEC,PEC_LIB,TEC_COL	COD_PEC	PEC_LIB	0	oui
ORAVAL	MS_PHA_V	Phase de l'acte CCAM	COD_PHA,PHA_LIB,TEC_COL	COD_PHA	PHA_LIB	0	oui
ORAVAL	MS_PPO_V	Type de Prestation de Prélèvement d'Organes	PPO_COD,PPO_LIB,TEC_COL	PPO_COD	PPO_LIB	0	oui
ORAVAL	MS_PRV_V	Provenance	PRV_COD,PRV_LIB,TEC_COL	PRV_COD	PRV_LIB	0	oui
ORAVAL	MS_REC_V	Nature opération de récupération	REC_OPE_NAT,REC_OPE_LIB,TEC_COL	REC_OPE_NAT	REC_OPE_LIB	0	oui
ORAVAL	MS_RES_V	Code géographique de résidence	COD_RES,RES_LIB,TEC_COL	COD_RES	RES_LIB	133	non
ORAVAL	MS_RT7_V	Resultat du groupage (version de groupage_CMD_GHM_Code retour) RT7	RET_COD,RET_LIB,TEC_COL	RET_COD	RET_LIB	4	oui
ORAVAL	MS_RT9_V	Resultat du groupage (version de groupage_CMD_GHM_Code retour) RT9	RET_COD,RET_LIB,TEC_COL	RET_COD	RET_LIB	5	oui
ORAVAL	MS_SEJ_V	Type de sejour	SEJ_TYP_COD,SEJ_TYP_LIB,TEC_COL	SEJ_TYP_COD	SEJ_TYP_LIB	0	oui
ORAVAL	MS_SOR_DST_C	Compatibilité mode de Sortie du champ - Destination	SOR_MOD_COD,DST_COD	SOR_MOD_COD		0	oui
ORAVAL	MS_SOR_V	Mode de Sortie du Champ PMSI_MCO	SOR_MOD_COD,SOR_MOD_LIB,TEC_COL	SOR_MOD_COD	SOR_MOD_LIB	0	oui
ORAVAL	MS_TAA_V	Table des Types d'activités autorisées	ACT_AUT_TYP,ACT_AUT_LIB,TEC_COL	ACT_AUT_TYP	ACT_AUT_LIB	0	oui
ORAVAL	MS_TAL_V	Type d'autorisation de lit dédié fréquenté par le patient	TAL_COD,TAL_LIB,TEC_COL	TAL_COD	TAL_LIB	0	oui
ORAVAL	MS_TCH_V	Top ( oui / non )	TOP_COD,TOP_LIB,TEC_COL	TOP_COD	TOP_LIB	0	oui
ORAVAL	MS_TOP_V	Top Numérique ( oui / non )	TOP_NUM_COD,TOP_LIB,TEC_COL	TOP_NUM_COD	TOP_LIB	0	oui
ORAVAL	MS_VLP_V	Code Valorisation partielle	VLP_COD,VLP_LIB,TEC_COL	VLP_COD	VLP_LIB	0	oui
ORAVAL	ON_CLE_W		RGM_GRG_COD,PRS_NAT,REM_ANN_MOI,REM_CLE	RGM_GRG_COD		6600	non
ORAVAL	ON_SDV_W	invite BO soins de ville Fusion	INV_SDV_COD,GRG_COD,URC_ARH_COD,ORG_CAI_NUM,ORG_BSE_NUM,COL_TRI,COL_COM,INV_SDV_LIB	INV_SDV_COD	INV_SDV_LIB	12	oui
ORAVAL	PX_APP_V	applications	APP_APP_COD,APP_APP_LIB,TEC_COL	APP_APP_COD	APP_APP_LIB	0	oui
ORAVAL	PX_CAT_V	catégories télé-service	CAT_TLS_COD,CAT_TLS_LIB,TEC_COL	CAT_TLS_COD	CAT_TLS_LIB	0	oui
ORAVAL	PX_DRS_V	table d'association entre les Caisses et les DRSM	CAI_COD,DRS_COD,DRS_LIB,TEC_COL	CAI_COD	DRS_LIB	3	oui
ORAVAL	PX_ETA_V	codes catégories télé-service par établissement	CAT_PSH_COD,CAT_PSH_LIB,CAT_TLS_COD,TEC_COL	CAT_PSH_COD	CAT_PSH_LIB	12	oui
ORAVAL	PX_FCT_V	fonctionnalités	APP_APP_COD,TLS_EVT_COD,INF_002,INF_003,TLS_DAT_VAL,FCT_COD,TEC_COL	APP_APP_COD	INF_002	27	oui
ORAVAL	PX_FSR_V	services associées aux fonctionnalités	TLS_FCT_COD,TLS_FCT_LIB,SER_SER_COD,SER_SER_LIB,GRP_SER_COD,GRP_SER_LIB,TEC_COL	TLS_FCT_COD	TLS_FCT_LIB	16	oui
ORAVAL	PX_SER_V	services pour restitution	TLS_FCT_COD,SER_SER_CPS,TLS_FCT_LIB,TEC_COL	TLS_FCT_COD	TLS_FCT_LIB	2	oui
ORAVAL	PX_SPE_V	codes catégories télé-service par spécialité	SPE_COD,SPE_LIB,CAT_TLS_COD,TEC_COL	SPE_COD	SPE_LIB	2	oui
ORAVAL	PX_TRC_V	tranches de connexions	TRC_COD,TRC_CNX_NB,TEC_COL	TRC_COD		0	oui
ORAVAL	R9_PAR_V	Paramétrage automatisation ARA	PAR_PRJ,PAR_COD,PAR_LIB,PAR_VAL,TEC_COL	PAR_COD	PAR_LIB	2	oui
ORAVAL	R9_SPE_V	regroupements Spécialité pour automatisation ARA	PRA_SPE,PRA_SPE_RG1,PRA_SPE_RG2,PRA_SPE_RG3,PRA_SPE_RG4,TEC_COL	PRA_SPE		1	oui
ORAVAL	RM_CND_V	top conditionnement	MED_CND_TOP,MED_CND_LIB,TEC_COL	MED_CND_TOP	MED_CND_LIB	0	oui
ORAVAL	RM_CNV_V	top répertoire conventionnel	GEN_CNV_TOP,GEN_CNV_LIB,TEC_COL	GEN_CNV_TOP	GEN_CNV_LIB	0	oui
ORAVAL	RM_EXP_V	top exception	MED_EXP_TOP,MED_EXP_LIB,TEC_COL	MED_EXP_TOP	MED_EXP_LIB	0	oui
ORAVAL	RM_HTA_V	top HTA ( hypertension artérielle )	MED_HTA_TOP,MED_HTA_LIB,TEC_COL	MED_HTA_TOP	MED_HTA_LIB	0	oui
ORAVAL	RM_PAR_V	top des principes actifs retenus	GEN_MLE_TOP,GEN_MLE_LIB,TEC_COL	GEN_MLE_TOP	GEN_MLE_LIB	0	oui
ORAVAL	RM_RFM_V	top convention (Suivi de la réforme)	MED_CNV_TOP,MED_CNV_LIB,TEC_COL	MED_CNV_TOP	MED_CNV_LIB	0	oui
ORAVAL	RM_RPM_V	top répertoire médicament	GEN_REP_MED,GEN_REP_LIB,TEC_COL	GEN_REP_MED	GEN_REP_LIB	0	oui
ORAVAL	RM_SRT_V	top sortie hospitalière	MED_SRT_TOP,MED_SRT_LIB,TEC_COL	MED_SRT_TOP	MED_SRT_LIB	0	oui
ORAVAL	RM_TAN_V	types d'anomalies des flux	MED_ANO_COD,MED_ANO_LIB,TEC_COL	MED_ANO_COD	MED_ANO_LIB	1	oui
ORAVAL	TAB_VAL_DEF	table de description des tables de valeur et de compatibilite ( cette table)	NOM,NBL,VERSION,LIBELLE	NOM		24	oui
ORAVAL	ZO_CAI_V	Caisse  ( projet RESID-EHPAD )	CAI_IDE,GRG_COD,CAI_COD,CEN_COD,CAI_LIB,CAI_TYP,TEC_COL	CAI_IDE	CAI_LIB	82	non
ORAVAL	ZO_MMV_V	Motif de mouvement  RESID-EHPAD	MVT_MOT_COD,MVT_MOT_LIB,TEC_COL	MVT_MOT_COD	MVT_MOT_LIB	0	oui
ORAVAL	ZO_PRE_V	Prestation  RESID-EHPAD	PRE_COD,PRE_LIB,TEC_COL	PRE_COD	PRE_LIB	0	oui
ORAVAL	ZO_TMV_V	Type de mouvement  RESID-EHPAD	TMV_TYP_COD,TMV_TYP_LIB,TEC_COL	TMV_TYP_COD	TMV_TYP_LIB	0	oui
