produit	table	libelle	cle_primaire	nb_variables	debut	fin	absente	observation
CARTOGRAPHIE_PATHOLOGIES	CRTO_CT_DEP_G12_AAAA	Table dépenses de la cartographie des pathologies pour l'année AAAA et l'algorithme G12	BEN_IDT_ANO	106	2015			
CARTOGRAPHIE_PATHOLOGIES	CRTO_CT_IDE_G12_AAAA	Table individus de la cartographie des pathologies pour l'année AAAA et l'algorithme G12	BEN_IDT_ANO	3	2015			
CARTOGRAPHIE_PATHOLOGIES	CRTO_CT_IND_G12_AAAA	Table pathologies de la cartographie des pathologies pour l'année AAAA et l'algorithme G12	BEN_IDT_ANO	319	2015			
CARTOGRAPHIE_PATHOLOGIES	CRTO_CT_RES_G12_AAAA	Table informations contextuelles relatives au lieu de résidence des patients de l'année AAAA et l'algorithme G12	BEN_IDT_ANO	83	2015			
Causes de décès	KI_CCI_R	Table des circonstances et de la cause initiale du décès	DCD_IDT_ENC	60	2006			
Causes de décès	KI_ECD_R	Table de l’ensemble des causes de décès	DCD_IDT_ENC,CER_LIG_NUM,ECD_CAU_RNG	12	2006			
DCIR	ER_ANO_F	Anomalie (signalement ou rejet lié à un contrôle)	DCT_ORD_NUM,FLX_DIS_DTD,FLX_EMT_NUM,FLX_EMT_ORD,FLX_EMT_TYP,FLX_TRT_DTD,ORG_CLE_NUM,PRS_ORD_NUM,REM_TYP_AFF	17	2006			
DCIR	ER_ARO_F	Autre remboursement que Régime Obligatoire : (partie complémentaire CMU-C, FNASS, Alsace Moselle…)	DCT_ORD_NUM,FLX_DIS_DTD,FLX_EMT_NUM,FLX_EMT_ORD,FLX_EMT_TYP,FLX_TRT_DTD,ORG_CLE_NUM,PRS_ORD_NUM,REM_TYP_AFF,ARO_ORD_NUM	26	2006			
DCIR	ER_BIO_F	Prestations affinées BIOLOGIE	DCT_ORD_NUM,FLX_DIS_DTD,FLX_EMT_NUM,FLX_EMT_ORD,FLX_EMT_TYP,FLX_TRT_DTD,ORG_CLE_NUM,PRS_ORD_NUM,REM_TYP_AFF,BIO_ORD_NUM	13	2006			
DCIR	ER_CAM_F	Codage CCAM	DCT_ORD_NUM,FLX_DIS_DTD,FLX_EMT_NUM,FLX_EMT_ORD,FLX_EMT_TYP,FLX_TRT_DTD,ORG_CLE_NUM,PRS_ORD_NUM,REM_TYP_AFF,CAM_ORD_NUM	36	2006			
DCIR	ER_CPT_F	Données comptables	DCT_ORD_NUM,FLX_DIS_DTD,FLX_EMT_NUM,FLX_EMT_ORD,FLX_EMT_TYP,FLX_TRT_DTD,ORG_CLE_NUM,PRS_ORD_NUM,REM_TYP_AFF	21				
DCIR	ER_DCT_F	DECOMPTES	DCT_ORD_NUM,FLX_DIS_DTD,FLX_EMT_NUM,FLX_EMT_ORD,FLX_EMT_TYP,FLX_TRT_DTD,ORG_CLE_NUM	24	2006			
DCIR	ER_DTR_F	Prestations affinées TRANSPORT	DCT_ORD_NUM,FLX_DIS_DTD,FLX_EMT_NUM,FLX_EMT_ORD,FLX_EMT_TYP,FLX_TRT_DTD,ORG_CLE_NUM,PRS_ORD_NUM,REM_TYP_AFF,TRS_ORD_NUM	15	2006			
DCIR	ER_ETE_F	Informations liées à l'exécution dans un ETABLISSEMENT	DCT_ORD_NUM,FLX_DIS_DTD,FLX_EMT_NUM,FLX_EMT_ORD,FLX_EMT_TYP,FLX_TRT_DTD,ORG_CLE_NUM,PRS_ORD_NUM,REM_TYP_AFF	26	2006			
DCIR	ER_INV_F	Pension INVALIDITE	DCT_ORD_NUM,FLX_DIS_DTD,FLX_EMT_NUM,FLX_EMT_ORD,FLX_EMT_TYP,FLX_TRT_DTD,ORG_CLE_NUM,PRS_ORD_NUM,REM_TYP_AFF	13	2006			
DCIR	ER_LOT_F	Table des données de LOT	DCT_ORD_NUM,FLX_DIS_DTD,FLX_EMT_NUM,FLX_EMT_ORD,FLX_EMT_TYP,FLX_TRT_DTD,ORG_CLE_NUM,PRS_ORD_NUM,REM_TYP_AFF,LOT_ORD_NUM	16	2008			
DCIR	ER_PHA_F	Prestations affinées PHARMACIE	DCT_ORD_NUM,FLX_DIS_DTD,FLX_EMT_NUM,FLX_EMT_ORD,FLX_EMT_TYP,FLX_TRT_DTD,ORG_CLE_NUM,PRS_ORD_NUM,REM_TYP_AFF,PHA_ORD_NUM	23	2006			
DCIR	ER_PRS_F	Table principale des PRESTATIONS	DCT_ORD_NUM,FLX_DIS_DTD,FLX_EMT_NUM,FLX_EMT_ORD,FLX_EMT_TYP,FLX_TRT_DTD,ORG_CLE_NUM,PRS_ORD_NUM,REM_TYP_AFF	133	2006			
DCIR	ER_RAT_F	Rente accident du travail, maladie professionnelle	DCT_ORD_NUM,FLX_DIS_DTD,FLX_EMT_NUM,FLX_EMT_ORD,FLX_EMT_TYP,FLX_TRT_DTD,ORG_CLE_NUM,PRS_ORD_NUM,REM_TYP_AFF,BEN_RAT_ANO	14	2006			
DCIR	ER_TIP_F	Prestations affinées DISPOSITIF MEDICAL	DCT_ORD_NUM,FLX_DIS_DTD,FLX_EMT_NUM,FLX_EMT_ORD,FLX_EMT_TYP,FLX_TRT_DTD,ORG_CLE_NUM,PRS_ORD_NUM,REM_TYP_AFF,TIP_ORD_NUM	21	2006			
DCIR	ER_TRS_F	Table des données détaillées de TRANSPORT	DCT_ORD_NUM,FLX_DIS_DTD,FLX_EMT_NUM,FLX_EMT_ORD,FLX_EMT_TYP,FLX_TRT_DTD,ORG_CLE_NUM,PRS_ORD_NUM,REM_TYP_AFF,ITR_ORD_NUM	25	2008			
DCIR	ER_UCD_F	Prestations Affinées UCD, Pharmacie hospitalière codée et rétrocédée et médicament en sus du GHS	DCT_ORD_NUM,FLX_DIS_DTD,FLX_EMT_NUM,FLX_EMT_ORD,FLX_EMT_TYP,FLX_TRT_DTD,ORG_CLE_NUM,PRS_ORD_NUM,REM_TYP_AFF,UCD_ORD_NUM	24	2007			
PMSI HAD	T_HADaaA	Table des actes		16	2010		2006,2007,2008,2009	
PMSI HAD	T_HADaaB	Table des Résumés Anonyme Par Sous-Séquence (RAPSS)	ETA_NUM_EPMSI,RHAD_NUM	76	2006			
PMSI HAD	T_HADaaC	Table des NIR foinisé deux fois et date entrè/sortie complètes	ETA_NUM_EPMSI,RHAD_NUM	44	2006			
PMSI HAD	T_HADaaD	Table des diagnostics associés		8	2010		2006,2007,2008,2009	
PMSI HAD	T_HADaaDMPA	Table des diagnostics liés au MPA (mode de prise en charge associé)		8	2012		2006,2007,2008,2009,2010,2011	
PMSI HAD	T_HADaaDMPP	Table des diagnostics liés au MPP (mode de prise en charge principal)		8	2012		2006,2007,2008,2009,2010,2011	
PMSI HAD	T_HADaaE	Table des Etablissements	ETA_NUM	8	2006			
PMSI HAD	T_HADaaEHPA	Table des conventions HAD-EHPA		11	2010		2006,2007,2008,2009	
PMSI HAD	T_HADaaFA	Table des RSFA début de facture des établissements ex-OQN		43	2010		2006,2007,2008,2009	
PMSI HAD	T_HADaaFB	Table des RSFA facture des établissements ex-OQN		33	2010		2006,2007,2008,2009	
PMSI HAD	T_HADaaFC	Table des RSFA des honoraires des établissements ex-OQN		27	2010		2006,2007,2008,2009	
PMSI HAD	T_HADaaFH	Table des RSFA des Médicaments en sus des établissements ex-OQN		20	2010		2006,2007,2008,2009	
PMSI HAD	T_HADaaFI	Table des RSFA interruption de séjour des établissements ex-OQN		17	2014		2006,2007,2008,2009,2010,2011,2012,2013	
PMSI HAD	T_HADaaFL	Table des actes de biologie (issus de la NABM) des établissements ex-OQN		15	2012		2006,2007,2008,2009,2010,2011	
PMSI HAD	T_HADaaFM	Table des RSFA des actes CCAM des établissements ex-OQN		40	2010		2006,2007,2008,2009	
PMSI HAD	T_HADaaFP	Table des RSFA des LPP/DMI en sus des établissements ex-OQN		19	2014		2006,2007,2008,2009,2010,2011,2012,2013	
PMSI HAD	T_HADaaGJ	Table de passage de Finess		3	2006	2006	2007,2008,2009,2010,2011,2012,2013,2014,2015,2016,2017,2018,2019,2020,2021,2022,2023,2024	
PMSI HAD	T_HADaaGRE	Table des GHT (groupage établissement)		16	2006			
PMSI HAD	T_HADaaGRP	Table des GHT et des GHPC (groupage paprica)		15	2006			
PMSI HAD	T_HADaaLEG	Fichier donnant toutes les erreurs détectées par la fonction groupage (LEG)		8	2014		2006,2007,2008,2009,2010,2011,2012,2013	
PMSI HAD	T_HADaaMED	Table Molécules onéreuses (fichier COMP)		19	2009		2006,2007,2008	
PMSI HAD	T_HADaaMEDAPAC	Médicaments sous AAP/AAC		18	2022		2006,2007,2008,2009,2010,2011,2012,2013,2014,2015,2016,2017,2018,2019,2020,2021	
PMSI HAD	T_HADaaMEDATU	Fich comp médicament soumis à autorisation temporaire d'utilisation		19	2012	2021	2006,2007,2008,2009,2010,2011,2022,2023,2024	
PMSI HAD	T_HADaaMEDCHL	Fich comp Médicament coûteux hors liste en sus et hors ATU		17	2016		2006,2007,2008,2009,2010,2011,2012,2013,2014,2015	
PMSI HAD	T_HADaaMON	Fichier de déclaration agrégée d'activité (FICHSUP) sur les Molécules onéreuses		11	2008	2008	2006,2007,2009,2010,2011,2012,2013,2014,2015,2016,2017,2018,2019,2020,2021,2022,2023,2024	
PMSI HAD	T_HADaaS	Synthèses des Résumés Anonyme Par Sous-Séquence		16	2015		2006,2007,2008,2009,2010,2011,2012,2013,2014	
PMSI HAD	T_HADaaSTC	Prise en charge par l'AM de chaque séjour, pour les établissements valorisés STC		101	2007		2006	
PMSI HAD	T_HADaaSUP_DSC	Table Tests diagnostiques Covid		8	2021		2006,2007,2008,2009,2010,2011,2012,2013,2014,2015,2016,2017,2018,2019,2020	
PMSI HAD	T_HADaaSUP_PREADMI	Evaluations anticipées pour les patients résidant en EHPAD		9	2022		2006,2007,2008,2009,2010,2011,2012,2013,2014,2015,2016,2017,2018,2019,2020,2021	
PMSI HAD	T_HADaaVALO	Valorisation		23	2015		2006,2007,2008,2009,2010,2011,2012,2013,2014	
PMSI MCO	T_MCOaaA	Acte		16	2006			
PMSI MCO	T_MCOaaB	Séjour	ETA_NUM,RSA_NUM	109	2006			
PMSI MCO	T_MCOaaBPHN	Table BPHN		16	2010	2010	2006,2007,2008,2009,2011,2012,2013,2014,2015,2016,2017,2018,2019,2020,2021,2022,2023,2024	
PMSI MCO	T_MCOaaBPHNA	B et P hors nomenclature, nombre de réalisation par code d'actes (fich sup)		8	2010	2014	2006,2007,2008,2009,2015,2016,2017,2018,2019,2020,2021,2022,2023,2024	
PMSI MCO	T_MCOaaBPHNC	B et P hors nomenclature, montants payés par les établissements demandeurs  (fich sup)		7	2010	2014	2006,2007,2008,2009,2015,2016,2017,2018,2019,2020,2021,2022,2023,2024	
PMSI MCO	T_MCOaaBPHNP	Actes hors nomenclature (BPHN) : montants facturés par les établissements producteurs		9	2010	2014	2006,2007,2008,2009,2015,2016,2017,2018,2019,2020,2021,2022,2023,2024	
PMSI MCO	T_MCOaaC	NIR/Date	ETA_NUM,RSA_NUM	45	2006			
PMSI MCO	T_MCOaaCES	Consultations externes spécifiques		18	2014	2014	2006,2007,2008,2009,2010,2011,2012,2013,2015,2016,2017,2018,2019,2020,2021,2022,2023,2024	
PMSI MCO	T_MCOaaCSTC	ACE NIR/date	ETA_NUM,SEQ_NUM	45	2008		2006,2007	
PMSI MCO	T_MCOaaD	Diagnostic associé		5	2006			
PMSI MCO	T_MCOaaDIALP	Fich comp dialyse péritonéale		9	2009		2006,2007,2008	
PMSI MCO	T_MCOaaDMIP	Fich comp dmi en sus		13	2008		2006,2007	
PMSI MCO	T_MCOaaE	Etablissement	ETA_NUM	8	2006			
PMSI MCO	T_MCOaaFA	OQN Entete facture	ETA_NUM,RSA_NUM	41	2006			
PMSI MCO	T_MCOaaFASTC	ACE Entete facture	ETA_NUM,SEQ_NUM	49	2007		2006	
PMSI MCO	T_MCOaaFB	OQN Prestation		31	2006			
PMSI MCO	T_MCOaaFBSTC	ACE Prestation	ETA_NUM,SEQ_NUM	27	2008		2006,2007	
PMSI MCO	T_MCOaaFC	OQN Honoraire		26	2006			
PMSI MCO	T_MCOaaFCSTC	ACE Honoraire		34	2007		2006	
PMSI MCO	T_MCOaaFH	OQN med en sus		23	2006			
PMSI MCO	T_MCOaaFHSTC	ACE med en sus		20	2009		2006,2007,2008	
PMSI MCO	T_MCOaaFI	OQN Interruption séjour		14	2006			
PMSI MCO	T_MCOaaFL	Table des actes de biologie (issus de la NABM)		13	2012		2006,2007,2008,2009,2010,2011	
PMSI MCO	T_MCOaaFLSTC	Table des actes de biologie (issus de la NABM)		14	2012		2006,2007,2008,2009,2010,2011	
PMSI MCO	T_MCOaaFM	OQN actes CCAM		39	2006			
PMSI MCO	T_MCOaaFMSTC	ACE actes CCAM		44	2007		2006	
PMSI MCO	T_MCOaaFP	OQN DMI en sus		26	2006			
PMSI MCO	T_MCOaaFPSTC	ACE DMI en sus		19	2013		2006,2007,2008,2009,2010,2011,2012	
PMSI MCO	T_MCOaaGVxxxx	Table de passage en version de GHM à partir de mars de l'année suivante		7	2006			
PMSI MCO	T_MCOaaIVG	Forfaits de dialyses péritonéales (fich comp)		11	2017		2006,2007,2008,2009,2010,2011,2012,2013,2014,2015,2016	
PMSI MCO	T_MCOaaLACT	Lactarium (fich sup)		8	2010	2014	2006,2007,2008,2009,2015,2016,2017,2018,2019,2020,2021,2022,2023,2024	
PMSI MCO	T_MCOaaLEG	Fichier donnant toutes les erreurs détectées par la fonction groupage		5	2014		2006,2007,2008,2009,2010,2011,2012,2013	
PMSI MCO	T_MCOaaMED	Fich comp med en sus		17	2008		2006,2007	
PMSI MCO	T_MCOaaMEDAPAC	Médicaments sous AAP/AAC		16	2022		2006,2007,2008,2009,2010,2011,2012,2013,2014,2015,2016,2017,2018,2019,2020,2021	
PMSI MCO	T_MCOaaMEDATU	Fich comp med soumis à autorisation temporaire d'utilisation		17	2012	2021	2006,2007,2008,2009,2010,2011,2022,2023,2024	
PMSI MCO	T_MCOaaMEDTHROMBO	Médicaments thrombolytiques employés pour le traitement des accidents vasculaires cérébraux ischémiques		16	2012	2021	2006,2007,2008,2009,2010,2011,2022,2023,2024	
PMSI MCO	T_MCOaaORP	Fich comp maladie orpheline		6	2013	2016	2006,2007,2008,2009,2010,2011,2012,2017,2018,2019,2020,2021,2022,2023,2024	
PMSI MCO	T_MCOaaPIE	Fich comp prest inter etab		12	2008		2006,2007	
PMSI MCO	T_MCOaaPIP	Prothéses PIP (Poly Implant Prothèse)		6	2012	2015	2006,2007,2008,2009,2010,2011,2016,2017,2018,2019,2020,2021,2022,2023,2024	
PMSI MCO	T_MCOaaPORG	Fich comp prel. organe		10	2008		2006,2007	
PMSI MCO	T_MCOaaSTC	Prise en charge		108	2006			
PMSI MCO	T_MCOaaSUP_BPHNA	B et P hors nomenclature, nombre de réalisation par code d'actes (fich sup)		8	2015	2017	2006,2007,2008,2009,2010,2011,2012,2013,2014,2018,2019,2020,2021,2022,2023,2024	
PMSI MCO	T_MCOaaSUP_BPHNC	B et P hors nomenclature, montants payés par les établissements demandeurs  (fich sup)		11	2015	2017	2006,2007,2008,2009,2010,2011,2012,2013,2014,2018,2019,2020,2021,2022,2023,2024	
PMSI MCO	T_MCOaaSUP_BPHNP	Actes hors nomenclature (BPHN) : montants facturés par les établissements producteurs		15	2015	2017	2006,2007,2008,2009,2010,2011,2012,2013,2014,2018,2019,2020,2021,2022,2023,2024	
PMSI MCO	T_MCOaaSUP_CES	Consultations externes spécifiques (ces, G55)		18	2015	2021	2006,2007,2008,2009,2010,2011,2012,2013,2014,2022,2023,2024	
PMSI MCO	T_MCOaaSUP_DSC	Tests diagnostiques Covid		8	2021		2006,2007,2008,2009,2010,2011,2012,2013,2014,2015,2016,2017,2018,2019,2020	
PMSI MCO	T_MCOaaSUP_FFM	Forfait petit matériel		4	2015	2015	2006,2007,2008,2009,2010,2011,2012,2013,2014,2016,2017,2018,2019,2020,2021,2022,2023,2024	
PMSI MCO	T_MCOaaSUP_IUM	Fichier d’information des UM		10	2018		2006,2007,2008,2009,2010,2011,2012,2013,2014,2015,2016,2017	
PMSI MCO	T_MCOaaSUP_LACT	Fich sup lactarium		12	2015		2006,2007,2008,2009,2010,2011,2012,2013,2014	
PMSI MCO	T_MCOaaSUP_MKP	Vaccination Monkeypox		7	2023		2006,2007,2008,2009,2010,2011,2012,2013,2014,2015,2016,2017,2018,2019,2020,2021,2022	
PMSI MCO	T_MCOaaSUP_PCR	Tests PCR		7	2020	2020	2006,2007,2008,2009,2010,2011,2012,2013,2014,2015,2016,2017,2018,2019,2021,2022,2023,2024	
PMSI MCO	T_MCOaaSUP_PPCO	Fich sup Primo prescription de chimiothérapie orale		23	2016		2006,2007,2008,2009,2010,2011,2012,2013,2014,2015	
PMSI MCO	T_MCOaaSUP_RIHND	Recueil du RIHN/LC : établissement demandeur (payeur)		7	2018		2006,2007,2008,2009,2010,2011,2012,2013,2014,2015,2016,2017	
PMSI MCO	T_MCOaaSUP_RIHNP	Recueil du RIHN/LC : établissement producteur		8	2018		2006,2007,2008,2009,2010,2011,2012,2013,2014,2015,2016,2017	
PMSI MCO	T_MCOaaSUP_SMUR	Fich sup SMUR		7	2016		2006,2007,2008,2009,2010,2011,2012,2013,2014,2015	
PMSI MCO	T_MCOaaSUP_TIE	Fichier d’information Transports inter-établissements		8	2018	2021	2006,2007,2008,2009,2010,2011,2012,2013,2014,2015,2016,2017,2022,2023,2024	
PMSI MCO	T_MCOaaSUP_USMP	Fich sup Médicaments dispensés en USMP (Unité Sanitaire en Milieu Pénitentiaire)		5	2016		2006,2007,2008,2009,2010,2011,2012,2013,2014,2015	
PMSI MCO	T_MCOaaSUP_VAC	Table Vaccins		6	2021		2006,2007,2008,2009,2010,2011,2012,2013,2014,2015,2016,2017,2018,2019,2020	
PMSI MCO	T_MCOaaTRPT	Fich comp Transports intra et inter établissements		11	2020		2006,2007,2008,2009,2010,2011,2012,2013,2014,2015,2016,2017,2018,2019	
PMSI MCO	T_MCOaaUM	Unité médicale		28	2006			
PMSI MCO	T_MCOaaUPGV	Types d'autorisations d'unités médicales à portée globale valides		4	2012		2006,2007,2008,2009,2010,2011	
PMSI MCO	T_MCOaaVALO	Valorisation		315	2011		2006,2007,2008,2009,2010	
PMSI MCO	T_MCOaaVALOACE	Valorisation des actes et consultations externes		56	2013		2006,2007,2008,2009,2010,2011,2012	
PMSI MCO	T_MCOaaZ	Fich comp radiothérapie		6	2011		2006,2007,2008,2009,2010	
PMSI MCO	T_SUPaaALD	Alternatives à la dialyse		6	2007	2008	2006,2009,2010,2011,2012,2013,2014,2015,2016,2017,2018,2019,2020,2021,2022,2023,2024	
PMSI RIP	T_RIPaaC	Table de chainage	ETA_NUM_EPMSI,RIP_NUM	36	2007		2006	
PMSI RIP	T_RIPaaCCAM	Actes CCAM		13	2017		2006,2007,2008,2009,2010,2011,2012,2013,2014,2015,2016	
PMSI RIP	T_RIPaaCSTC	ACE NIR/date	ETA_NUM_EPMSI	16	2020		2006,2007,2008,2009,2010,2011,2012,2013,2014,2015,2016,2017,2018,2019	
PMSI RIP	T_RIPaaE	Etablissement	ETA_NUM	8	2007		2006	
PMSI RIP	T_RIPaaFA	Debut facture	ETA_NUM_EPMSI,RIP_NUM	42	2010		2006,2007,2008,2009	
PMSI RIP	T_RIPaaFB	Prestation hospitalière	ETA_NUM_EPMSI,RIP_NUM	33	2010		2006,2007,2008,2009	
PMSI RIP	T_RIPaaFC	Honoraire		25	2010		2006,2007,2008,2009	
PMSI RIP	T_RIPaaFH	Médicament		18	2010		2006,2007,2008,2009	
PMSI RIP	T_RIPaaFI	Interruption de sejour		17	2010		2006,2007,2008,2009	
PMSI RIP	T_RIPaaFL	Actes de Biologie		13	2012		2006,2007,2008,2009,2010,2011	
PMSI RIP	T_RIPaaFM	CCAM		39	2010		2006,2007,2008,2009	
PMSI RIP	T_RIPaaFP	Prothese		18	2010		2006,2007,2008,2009	
PMSI RIP	T_RIPaaISOCONT_CTL	Fich de contrôle - Mesures isolement et contention		10	2022		2006,2007,2008,2009,2010,2011,2012,2013,2014,2015,2016,2017,2018,2019,2020,2021	
PMSI RIP	T_RIPaaR3A	Résumé par acte ambulatoire anonymisé (R3A)	ETA_NUM_EPMSI,ORD_NUM,SEJ_IDT	33	2007		2006	
PMSI RIP	T_RIPaaR3AD	Diagnostic associé à l'acte	ETA_NUM_EPMSI,ORD_NUM,SEJ_IDT	6	2007		2006	
PMSI RIP	T_RIPaaRSA	Résumé par séquence	ETA_NUM_EPMSI,RIP_NUM,SEQ_SEQ_NUM	50	2007		2006	
PMSI RIP	T_RIPaaRSAD	Diagnostic associé à la séquence		7	2007		2006	
PMSI RIP	T_RIPaaS	Synthèse du Séjour de Résumé par séquence anonymisé		18	2015		2006,2007,2008,2009,2010,2011,2012,2013,2014	
PMSI RIP	T_RIPaaSTC	Prise en charge patient pour etb DG		102	2011		2006,2007,2008,2009,2010	
PMSI RIP	T_RIPaaSUP_DSC	Table Tests diagnostiques Covid		8	2021		2006,2007,2008,2009,2010,2011,2012,2013,2014,2015,2016,2017,2018,2019,2020	
PMSI RIP	T_RIPaaSUP_IUM	Fichier d’information unités médicales		10	2023		2006,2007,2008,2009,2010,2011,2012,2013,2014,2015,2016,2017,2018,2019,2020,2021,2022	
PMSI RIP	T_RIPaaSUP_TIE	Fichier d’information Transports inter-établissements		7	2019	2021	2006,2007,2008,2009,2010,2011,2012,2013,2014,2015,2016,2017,2018,2022,2023,2024	
PMSI RIP	T_RIPaaSUP_VAC	Table Vaccins		6	2021		2006,2007,2008,2009,2010,2011,2012,2013,2014,2015,2016,2017,2018,2019,2020	
PMSI RIP	T_RIPaaTP	Fich comp Séjours à Temps Partiel		14	2020		2006,2007,2008,2009,2010,2011,2012,2013,2014,2015,2016,2017,2018,2019	
PMSI RIP	T_RIPaaTP_CTL	Fich de contrôle - Séjours à Temps Partiel		8	2020		2006,2007,2008,2009,2010,2011,2012,2013,2014,2015,2016,2017,2018,2019	
PMSI RIP	T_RIPaaTRPT	Fich comp Transports		10	2020		2006,2007,2008,2009,2010,2011,2012,2013,2014,2015,2016,2017,2018,2019	
PMSI RIP	T_RIPaaTRPT_CTL	Fich de contrôle - Transport		7	2020		2006,2007,2008,2009,2010,2011,2012,2013,2014,2015,2016,2017,2018,2019	
PMSI SSR	T_SSRaaA	Acte CCAM		6	2006	2008	2009,2010,2011,2012,2013,2014,2015,2016,2017,2018,2019,2020,2021,2022,2023,2024	
PMSI SSR	T_SSRaaB	Description du Séjour	ETA_NUM,RHA_NUM,RHS_NUM	112	2006			
PMSI SSR	T_SSRaaC	NIR patient et Dates de soin	ETA_NUM,RHA_NUM	32	2006			
PMSI SSR	T_SSRaaCCAM	Acte CCAM		13	2009		2006,2007,2008	
PMSI SSR	T_SSRaaCCAR	Classification acte de réadaptation		15	2009	2013	2006,2007,2008,2014,2015,2016,2017,2018,2019,2020,2021,2022,2023,2024	
PMSI SSR	T_SSRaaCMC	Catégories Majeures de diagnostics		5	2006	2016	2017,2018,2019,2020,2021,2022,2023,2024	
PMSI SSR	T_SSRaaCSARR	Actes du Catalogue spécifique des actes de rééducation et réadaptation		20	2014		2006,2007,2008,2009,2010,2011,2012,2013	
PMSI SSR	T_SSRaaCSTC	ACE NIR/date	ETA_NUM,SEQ_NUM	45	2013		2006,2007,2008,2009,2010,2011,2012	
PMSI SSR	T_SSRaaD	Diagnostic associé		5	2009		2006,2007,2008	
PMSI SSR	T_SSRaaDIALP	Fich comp dialyse péritonéale en sus		7	2019		2006,2007,2008,2009,2010,2011,2012,2013,2014,2015,2016,2017,2018	
PMSI SSR	T_SSRaaE	Etablissement	ETA_NUM	8	2006			
PMSI SSR	T_SSRaaFA	OQN Entete facture	ETA_NUM,RHA_NUM	40	2007		2006	
PMSI SSR	T_SSRaaFASTC	ACE Entete facture	ETA_NUM,SEQ_NUM	43	2012		2006,2007,2008,2009,2010,2011	
PMSI SSR	T_SSRaaFB	OQN Prestation		32	2007		2006	
PMSI SSR	T_SSRaaFBSTC	ACE Prestation	ETA_NUM,SEQ_NUM	27	2012		2006,2007,2008,2009,2010,2011	
PMSI SSR	T_SSRaaFC	OQN Honoraire		27	2007		2006	
PMSI SSR	T_SSRaaFCSTC	ACE Honoraire		27	2012		2006,2007,2008,2009,2010,2011	
PMSI SSR	T_SSRaaFH	OQN med en sus		23	2007		2006	
PMSI SSR	T_SSRaaFHSTC	Prestations Hospitalières Médicaments (Table existe avant 2020 mais vide)		20	2019		2006,2007,2008,2009,2010,2011,2012,2013,2014,2015,2016,2017,2018	
PMSI SSR	T_SSRaaFI	OQN Interruption séjour		14	2007		2006	
PMSI SSR	T_SSRaaFL	OQN actes de biologie (issus de la NABM)		13	2012		2006,2007,2008,2009,2010,2011	
PMSI SSR	T_SSRaaFLSTC	ACE actes de biologie (issus de la NABM)		14	2012		2006,2007,2008,2009,2010,2011	
PMSI SSR	T_SSRaaFM	OQN actes CCAM		39	2007		2006	
PMSI SSR	T_SSRaaFMSTC	ACE actes CCAM		39	2012		2006,2007,2008,2009,2010,2011	
PMSI SSR	T_SSRaaFP	OQN DMI en sus		27	2007		2006	
PMSI SSR	T_SSRaaFPSTC	Prestations Hospitalières Prothèses		15	2020		2006,2007,2008,2009,2010,2011,2012,2013,2014,2015,2016,2017,2018,2019	
PMSI SSR	T_SSRaaGHJ	Table des Groupes de Morbidité Dominante		5	2006	2012	2013,2014,2015,2016,2017,2018,2019,2020,2021,2022,2023,2024	
PMSI SSR	T_SSRaaGME	GME		9	2012		2006,2007,2008,2009,2010,2011	
PMSI SSR	T_SSRaaLEG	Erreurs détectées par la fonction groupage		6	2014		2006,2007,2008,2009,2010,2011,2012,2013	
PMSI SSR	T_SSRaaMED	Med en sus		15	2010		2006,2007,2008,2009	
PMSI SSR	T_SSRaaMEDAPAC	Médicaments sous AAP/AAC		14	2022		2006,2007,2008,2009,2010,2011,2012,2013,2014,2015,2016,2017,2018,2019,2020,2021	
PMSI SSR	T_SSRaaMEDATU	Med à autorisation temporaire d'utilisation		14	2012	2021	2006,2007,2008,2009,2010,2011,2022,2023,2024	
PMSI SSR	T_SSRaaMEDSMR	Table Med fich comp médicament en sus		14	2024		2006,2007,2008,2009,2010,2011,2012,2013,2014,2015,2016,2017,2018,2019,2020,2021,2022,2023	
PMSI SSR	T_SSRaaS	Synthese		21	2006			
PMSI SSR	T_SSRaaSTC	Facturation patient DGF		97	2011		2006,2007,2008,2009,2010	
PMSI SSR	T_SSRaaSUP_DSC	Table Tests diagnostiques Covid		8	2021		2006,2007,2008,2009,2010,2011,2012,2013,2014,2015,2016,2017,2018,2019,2020	
PMSI SSR	T_SSRaaSUP_IUM	Fichier d’information des UM		9	2020		2006,2007,2008,2009,2010,2011,2012,2013,2014,2015,2016,2017,2018,2019	
PMSI SSR	T_SSRaaSUP_TIE	Fichier d’information Transports inter-établissements		7	2019	2021	2006,2007,2008,2009,2010,2011,2012,2013,2014,2015,2016,2017,2018,2022,2023,2024	
PMSI SSR	T_SSRaaSUP_VAC	Table Vaccins		6	2021		2006,2007,2008,2009,2010,2011,2012,2013,2014,2015,2016,2017,2018,2019,2020	
PMSI SSR	T_SSRaaTRPT	Fich comp Transports intra et inter établissements		11	2020		2006,2007,2008,2009,2010,2011,2012,2013,2014,2015,2016,2017,2018,2019	
PMSI SSR	T_SSRaaVALO	Valorisation des séjours		42	2017		2006,2007,2008,2009,2010,2011,2012,2013,2014,2015,2016	
REFERENTIELS	DA_PRA_R_simplifie	Référentiel des Professionnels de Santé (PS)	PFS_PFS_NUM	32				
REFERENTIELS	DE_DEP_F	Table des dépistages COVID-19		32				
REFERENTIELS	IR_ACS_R	Table historique des affiliations à l'aide à la complémentaire santé		9				
REFERENTIELS	IR_BEN_R	Table du Référentiel des bénéficiaires	BEN_NIR_PSA,BEN_RNG_GEM	25				
REFERENTIELS	IR_ESM_R	Table des bénéficiaires en Etablissements Médico-Sociaux		23				
REFERENTIELS	IR_ETM_R	Table historique des exonérations du ticket modérateur liées à la personne		9				
REFERENTIELS	IR_IMB_R	Table du Référentiel médicalisé		13				
REFERENTIELS	IR_MAT_R	Table historique de la maternité		8				
REFERENTIELS	IR_MTT_R	Table historique des médecins traitants		11				
REFERENTIELS	IR_ORC_R	Table historique des affiliations à un organisme complémentaire		11				
REFERENTIELS	IR_VAC_F	Table des patients vaccinés contre le COVID-19		21				
